{"中证中药": {"危险分位": 31.06060562, "机会分位": 28.83844852, "目前分位": 27.20841201, "基准价": 11410.3496}, "中证1000": {"危险分位": 41.95569824, "机会分位": 36.05203996, "目前分位": 33.86183516, "基准价": 6117.1552}, "动漫游戏": {"危险分位": 34.33694815, "机会分位": 29.80430895, "目前分位": 610.9839625, "基准价": 1653.331}, "科创50": {"危险分位": 53.509986995, "机会分位": 43.088704298, "目前分位": 37.9604201, "基准价": 918.3096}, "中证红利": {"危险分位": 7.77888388, "机会分位": 6.5499075, "目前分位": 5.78601661, "基准价": 5277.0952}, "半导体": {"危险分位": 79.90140139, "机会分位": 62.47447418, "目前分位": 65.50718223, "基准价": 2987.948}, "煤炭指数": {"危险分位": 10.52729116, "机会分位": 9.36599438, "目前分位": 5.84356403, "基准价": 3731.0416}, "证券公司": {"危险分位": 22.18239219, "机会分位": 19.63082261, "目前分位": 21.39503393, "基准价": 701.24}, "绿色电力": {"危险分位": 18.38405028, "机会分位": 16.43364329, "目前分位": 21.99899912, "基准价": 1857.742}, "光伏产业": {"危险分位": 33.591759010000004, "机会分位": 30.127454681999996, "目前分位": 13.57076833, "基准价": 3288.0536}, "医疗器械": {"危险分位": 53.79624112, "机会分位": 37.77416272, "目前分位": 25.51259673, "基准价": 10496.8512}, "军工指数": {"危险分位": 68.19398151, "机会分位": 57.99242114, "目前分位": 49.10366158, "基准价": 1480.0136}, "中证白酒": {"危险分位": 31.10966074, "机会分位": 27.48341393, "目前分位": 29.96207235, "基准价": 2794.94}, "中证医疗": {"危险分位": 56.49302621, "机会分位": 40.47249256, "目前分位": 28.69625616, "基准价": 7934.385}, "新能源车": {"危险分位": 45.63862096, "机会分位": 24.83541295, "目前分位": 19.39162937, "基准价": 2889.9728}}