{
  "中证1000": {
    "PB目前分位": 4.78,
    "PE目前分位": 23.7288,
    "基准价": 4392.816000000001,
    "状态": "考虑卖出"
  },
  "中证中药": {
    "PB目前分位": 15.11,
    "PE目前分位": 17.6171,
    "基准价": 9269.472000000002,
    "状态": "低估"
  },
  "中证医疗": {
    "PB目前分位": 0.36,
    "PE目前分位": 12.9882,
    "基准价": 6229.8816,
    "状态": "低估"
  },
  "中证白酒": {
    "PB目前分位": 44.78,
    "PE目前分位": 29.153,
    "基准价": 10653.936,
    "状态": "考虑卖出"
  },
  "中证红利": {
    "PB目前分位": 18.33,
    "PE目前分位": 31.6483,
    "基准价": 4717.3535999999995,
    "状态": "考虑卖出"
  },
  "光伏产业": {
    "PB目前分位": 25.67,
    "PE目前分位": 6.4167,
    "基准价": 2096.9280000000003,
    "状态": "低估"
  },
  "军工指数": {
    "PB目前分位": 41.12,
    "PE目前分位": 4.5212,
    "基准价": 1061.6544000000001,
    "状态": "低估"
  },
  "动漫游戏": {
    "PB目前分位": 48.4,
    "PE目前分位": 92.936,
    "基准价": 1752.96,
    "状态": "考虑卖出"
  },
  "医疗器械": {
    "PB目前分位": 0.81,
    "PE目前分位": 26.0453,
    "基准价": 10296.912,
    "状态": "考虑卖出"
  },
  "半导体": {
    "PB目前分位": 42.73,
    "PE目前分位": 69.2367,
    "基准价": 5326.61,
    "状态": "考虑卖出"
  },
  "新能源车": {
    "PB目前分位": 35.71,
    "PE目前分位": 13.0566,
    "基准价": 1958.1888,
    "状态": "低估"
  },
  "沪深300": {
    "PB目前分位": 4.64,
    "PE目前分位": 28.7015,
    "基准价": 3516.08,
    "状态": "考虑卖出"
  },
  "煤炭指数": {
    "PB目前分位": 87.61,
    "PE目前分位": 45.3898,
    "基准价": 4951.67,
    "状态": "考虑卖出"
  },
  "科创50": {
    "PB目前分位": 2.01,
    "PE目前分位": 47.0391,
    "基准价": 807.71,
    "状态": "考虑卖出"
  },
  "绿色电力": {
    "PB目前分位": 83.55,
    "PE目前分位": 64.0285,
    "基准价": 1857.2,
    "状态": "考虑卖出"
  },
  "证券公司": {
    "PB目前分位": 4.73,
    "PE目前分位": 51.1914,
    "基准价": 699.17,
    "状态": "考虑卖出"
  }
}