{
  "中证1000": {
    "PB目前分位": 4.77,
    "PE目前分位": 28.3229,
    "基准价": 6170.65,
    "状态": "考虑卖出"
  },
  "中证中药": {
    "PB目前分位": 19.49,
    "PE目前分位": 16.6349,
    "基准价": 10086.6048,
    "状态": "低估"
  },
  "中证医疗": {
    "PB目前分位": 2.38,
    "PE目前分位": 20.9986,
    "基准价": 7551.3216,
    "状态": "考虑卖出"
  },
  "中证白酒": {
    "PB目前分位": 40.95,
    "PE目前分位": 25.6978,
    "基准价": 15361.32,
    "状态": "考虑卖出"
  },
  "中证红利": {
    "PB目前分位": 8.25,
    "PE目前分位": 12.9455,
    "基准价": 4717.3535999999995,
    "状态": "低估"
  },
  "光伏产业": {
    "PB目前分位": 25.24,
    "PE目前分位": 2.3663,
    "基准价": 2330.6784,
    "状态": "低估"
  },
  "军工指数": {
    "PB目前分位": 46.84,
    "PE目前分位": 4.7636,
    "基准价": 1252.1855999999998,
    "状态": "低估"
  },
  "动漫游戏": {
    "PB目前分位": 45.75,
    "PE目前分位": 92.5271,
    "基准价": 1752.96,
    "状态": "考虑卖出"
  },
  "医疗器械": {
    "PB目前分位": 5.22,
    "PE目前分位": 32.4568,
    "基准价": 10296.912,
    "状态": "考虑卖出"
  },
  "半导体": {
    "PB目前分位": 54.67,
    "PE目前分位": 80.6122,
    "基准价": 5326.61,
    "状态": "考虑卖出"
  },
  "新能源车": {
    "PB目前分位": 34.03,
    "PE目前分位": 6.2112,
    "基准价": 2186.4384,
    "状态": "低估"
  },
  "煤炭指数": {
    "PB目前分位": 75.75,
    "PE目前分位": 22.1818,
    "基准价": 3949.93,
    "状态": "考虑卖出"
  },
  "科创50": {
    "PB目前分位": 6.1,
    "PE目前分位": 48.3254,
    "基准价": 845.952,
    "状态": "考虑卖出"
  },
  "绿色电力": {
    "PB目前分位": 65.25,
    "PE目前分位": 59.6804,
    "基准价": 1857.2,
    "状态": "考虑卖出"
  },
  "证券公司": {
    "PB目前分位": 10,
    "PE目前分位": 45.7503,
    "基准价": 699.17,
    "状态": "考虑卖出"
  }
}