{
  "中证1000": {
    "PB目前分位": 3.79,
    "PE目前分位": 43.4483,
    "基准价": 4392.816000000001,
    "状态": "考虑卖出"
  },
  "中证中药": {
    "PB目前分位": 15.35,
    "PE目前分位": 24.3566,
    "基准价": 9269.472000000002,
    "状态": "考虑卖出"
  },
  "中证医疗": {
    "PB目前分位": 0.99,
    "PE目前分位": 16.8393,
    "基准价": 6229.8816,
    "状态": "低估"
  },
  "中证白酒": {
    "PB目前分位": 30.89,
    "PE目前分位": 19.5733,
    "基准价": 10653.936,
    "状态": "低估"
  },
  "中证红利": {
    "PB目前分位": 17.72,
    "PE目前分位": 34.5474,
    "基准价": 4717.3535999999995,
    "状态": "考虑卖出"
  },
  "光伏产业": {
    "PB目前分位": 9.35,
    "PE目前分位": 20.0984,
    "基准价": 2096.9280000000003,
    "状态": "考虑卖出"
  },
  "军工指数": {
    "PB目前分位": 36.99,
    "PE目前分位": 3.0764,
    "基准价": 1061.6544000000001,
    "状态": "低估"
  },
  "动漫游戏": {
    "PB目前分位": 34.74,
    "PE目前分位": 58.8749,
    "基准价": 1752.96,
    "状态": "考虑卖出"
  },
  "医疗器械": {
    "PB目前分位": 1.56,
    "PE目前分位": 32.2163,
    "基准价": 10296.912,
    "状态": "考虑卖出"
  },
  "半导体": {
    "PB目前分位": 38,
    "PE目前分位": 61.4242,
    "基准价": 5326.61,
    "状态": "考虑卖出"
  },
  "新能源车": {
    "PB目前分位": 33.83,
    "PE目前分位": 32.2899,
    "基准价": 1958.1888,
    "状态": "考虑卖出"
  },
  "沪深300": {
    "PB目前分位": 3.39,
    "PE目前分位": 35.1468,
    "基准价": 3516.08,
    "状态": "考虑卖出"
  },
  "煤炭指数": {
    "PB目前分位": 85.47,
    "PE目前分位": 63.0481,
    "基准价": 4951.67,
    "状态": "考虑卖出"
  },
  "科创50": {
    "PB目前分位": 1.97,
    "PE目前分位": 40.2626,
    "基准价": 807.71,
    "状态": "考虑卖出"
  },
  "绿色电力": {
    "PB目前分位": 79.54,
    "PE目前分位": 52.9541,
    "基准价": 1989.17,
    "状态": "考虑卖出"
  },
  "证券公司": {
    "PB目前分位": 4.06,
    "PE目前分位": 60.1104,
    "基准价": 699.17,
    "状态": "考虑卖出"
  }
}