{
  "中证1000": {
    "PB目前分位": 3.57,
    "PE目前分位": 24.4643,
    "基准价": 6170.65,
    "状态": "考虑卖出"
  },
  "中证中药": {
    "PB目前分位": 16.79,
    "PE目前分位": 15.2195,
    "基准价": 10086.6048,
    "状态": "低估"
  },
  "中证医疗": {
    "PB目前分位": 0.37,
    "PE目前分位": 18.3092,
    "基准价": 7551.3216,
    "状态": "低估"
  },
  "中证白酒": {
    "PB目前分位": 36.46,
    "PE目前分位": 22.7842,
    "基准价": 15361.32,
    "状态": "考虑卖出"
  },
  "中证红利": {
    "PB目前分位": 8.7,
    "PE目前分位": 13.6099,
    "基准价": 4717.3535999999995,
    "状态": "低估"
  },
  "光伏产业": {
    "PB目前分位": 19.67,
    "PE目前分位": 0.7024,
    "基准价": 2330.6784,
    "状态": "低估"
  },
  "军工指数": {
    "PB目前分位": 44.72,
    "PE目前分位": 3.7846,
    "基准价": 1252.1855999999998,
    "状态": "低估"
  },
  "动漫游戏": {
    "PB目前分位": 38.44,
    "PE目前分位": 92.4043,
    "基准价": 1752.96,
    "状态": "考虑卖出"
  },
  "医疗器械": {
    "PB目前分位": 3.38,
    "PE目前分位": 30.872,
    "基准价": 10296.912,
    "状态": "考虑卖出"
  },
  "半导体": {
    "PB目前分位": 50.55,
    "PE目前分位": 76.1194,
    "基准价": 5326.61,
    "状态": "考虑卖出"
  },
  "新能源车": {
    "PB目前分位": 30.15,
    "PE目前分位": 3.2416,
    "基准价": 2186.4384,
    "状态": "低估"
  },
  "煤炭指数": {
    "PB目前分位": 77.8,
    "PE目前分位": 23.7263,
    "基准价": 3949.93,
    "状态": "考虑卖出"
  },
  "科创50": {
    "PB目前分位": 0.48,
    "PE目前分位": 41.247,
    "基准价": 845.952,
    "状态": "考虑卖出"
  },
  "绿色电力": {
    "PB目前分位": 66.22,
    "PE目前分位": 60.2377,
    "基准价": 1857.2,
    "状态": "考虑卖出"
  },
  "证券公司": {
    "PB目前分位": 6.88,
    "PE目前分位": 40.4965,
    "基准价": 699.17,
    "状态": "考虑卖出"
  }
}