{
  "中证1000": {
    "PB目前分位": 0.25,
    "PE目前分位": 19.7877,
    "基准价": 4392.816000000001,
    "状态": "低估"
  },
  "中证中药": {
    "PB目前分位": 1.85,
    "PE目前分位": 6.7843,
    "基准价": 9269.472000000002,
    "状态": "低估"
  },
  "中证医疗": {
    "PB目前分位": 0,
    "PE目前分位": 7.5798,
    "基准价": 6229.8816,
    "状态": "低估"
  },
  "中证白酒": {
    "PB目前分位": 24.92,
    "PE目前分位": 9.4477,
    "基准价": 10653.936,
    "状态": "低估"
  },
  "中证红利": {
    "PB目前分位": 18.79,
    "PE目前分位": 35.4873,
    "基准价": 4717.3535999999995,
    "状态": "考虑卖出"
  },
  "光伏产业": {
    "PB目前分位": 0.08,
    "PE目前分位": 16.9856,
    "基准价": 2096.9280000000003,
    "状态": "低估"
  },
  "军工指数": {
    "PB目前分位": 34.96,
    "PE目前分位": 2.3402,
    "基准价": 1061.6544000000001,
    "状态": "低估"
  },
  "动漫游戏": {
    "PB目前分位": 4.07,
    "PE目前分位": 34.7267,
    "基准价": 1752.96,
    "状态": "考虑卖出"
  },
  "医疗器械": {
    "PB目前分位": 0.08,
    "PE目前分位": 23.4874,
    "基准价": 10296.912,
    "状态": "考虑卖出"
  },
  "半导体": {
    "PB目前分位": 41.94,
    "PE目前分位": 69.5227,
    "基准价": 5326.61,
    "状态": "考虑卖出"
  },
  "新能源车": {
    "PB目前分位": 26.07,
    "PE目前分位": 28.6861,
    "基准价": 1958.1888,
    "状态": "考虑卖出"
  },
  "沪深300": {
    "PB目前分位": 3.04,
    "PE目前分位": 29.0765,
    "基准价": 3516.08,
    "状态": "考虑卖出"
  },
  "煤炭指数": {
    "PB目前分位": 89.66,
    "PE目前分位": 67.5864,
    "基准价": 4951.67,
    "状态": "考虑卖出"
  },
  "科创50": {
    "PB目前分位": 2.63,
    "PE目前分位": 52.687,
    "基准价": 807.71,
    "状态": "考虑卖出"
  },
  "绿色电力": {
    "PB目前分位": 87.02,
    "PE目前分位": 63.9601,
    "基准价": 2115.99,
    "状态": "考虑卖出"
  },
  "证券公司": {
    "PB目前分位": 0.27,
    "PE目前分位": 51.2442,
    "基准价": 699.17,
    "状态": "考虑卖出"
  }
}