{
  "中证1000": {
    "PB目前分位": 0.4,
    "PE目前分位": 15.5947,
    "基准价": 4392.816000000001,
    "状态": "低估"
  },
  "中证中药": {
    "PB目前分位": 9.78,
    "PE目前分位": 8.8429,
    "基准价": 9269.472000000002,
    "状态": "低估"
  },
  "中证医疗": {
    "PB目前分位": 0.37,
    "PE目前分位": 13.7725,
    "基准价": 6229.8816,
    "状态": "低估"
  },
  "中证白酒": {
    "PB目前分位": 36.7,
    "PE目前分位": 23.4093,
    "基准价": 10653.936,
    "状态": "考虑卖出"
  },
  "中证红利": {
    "PB目前分位": 16.81,
    "PE目前分位": 28.9777,
    "基准价": 4717.3535999999995,
    "状态": "考虑卖出"
  },
  "光伏产业": {
    "PB目前分位": 15.14,
    "PE目前分位": 0.8554,
    "基准价": 2096.9280000000003,
    "状态": "低估"
  },
  "军工指数": {
    "PB目前分位": 32.97,
    "PE目前分位": 2.8078,
    "基准价": 1061.6544000000001,
    "状态": "低估"
  },
  "动漫游戏": {
    "PB目前分位": 21.11,
    "PE目前分位": 90.9601,
    "基准价": 1752.96,
    "状态": "考虑卖出"
  },
  "医疗器械": {
    "PB目前分位": 1.51,
    "PE目前分位": 27.9115,
    "基准价": 10296.912,
    "状态": "考虑卖出"
  },
  "半导体": {
    "PB目前分位": 35.09,
    "PE目前分位": 66.7702,
    "基准价": 5326.61,
    "状态": "考虑卖出"
  },
  "新能源车": {
    "PB目前分位": 25.24,
    "PE目前分位": 1.3146,
    "基准价": 1958.1888,
    "状态": "低估"
  },
  "煤炭指数": {
    "PB目前分位": 89.52,
    "PE目前分位": 46.0403,
    "基准价": 3949.93,
    "状态": "考虑卖出"
  },
  "科创50": {
    "PB目前分位": 1.39,
    "PE目前分位": 24.0741,
    "基准价": 669.792,
    "状态": "考虑卖出"
  },
  "绿色电力": {
    "PB目前分位": 74.35,
    "PE目前分位": 54.4184,
    "基准价": 1857.2,
    "状态": "考虑卖出"
  },
  "证券公司": {
    "PB目前分位": 6.84,
    "PE目前分位": 43.9083,
    "基准价": 699.17,
    "状态": "考虑卖出"
  }
}