{
  "中证1000": {
    "PB目前分位": 3.15,
    "PE目前分位": 23.4458,
    "基准价": 6170.65,
    "状态": "考虑卖出"
  },
  "中证中药": {
    "PB目前分位": 12.95,
    "PE目前分位": 13.093,
    "基准价": 10086.6048,
    "状态": "低估"
  },
  "中证医疗": {
    "PB目前分位": 0.19,
    "PE目前分位": 16.8602,
    "基准价": 7551.3216,
    "状态": "低估"
  },
  "中证白酒": {
    "PB目前分位": 33.81,
    "PE目前分位": 20.2586,
    "基准价": 15361.32,
    "状态": "考虑卖出"
  },
  "中证红利": {
    "PB目前分位": 11.09,
    "PE目前分位": 17.029,
    "基准价": 4717.3535999999995,
    "状态": "低估"
  },
  "光伏产业": {
    "PB目前分位": 24.67,
    "PE目前分位": 2.4327,
    "基准价": 2330.6784,
    "状态": "低估"
  },
  "军工指数": {
    "PB目前分位": 34.42,
    "PE目前分位": 2.6812,
    "基准价": 1152.5567999999998,
    "状态": "低估"
  },
  "动漫游戏": {
    "PB目前分位": 36.76,
    "PE目前分位": 91.8888,
    "基准价": 1752.96,
    "状态": "考虑卖出"
  },
  "医疗器械": {
    "PB目前分位": 1.76,
    "PE目前分位": 29.0852,
    "基准价": 10296.912,
    "状态": "考虑卖出"
  },
  "半导体": {
    "PB目前分位": 42.73,
    "PE目前分位": 67.8264,
    "基准价": 5326.61,
    "状态": "考虑卖出"
  },
  "新能源车": {
    "PB目前分位": 30.26,
    "PE目前分位": 3.4452,
    "基准价": 2186.4384,
    "状态": "低估"
  },
  "煤炭指数": {
    "PB目前分位": 83.91,
    "PE目前分位": 32.5725,
    "基准价": 3949.93,
    "状态": "考虑卖出"
  },
  "科创50": {
    "PB目前分位": 0,
    "PE目前分位": 19.6217,
    "基准价": 745.392,
    "状态": "低估"
  },
  "绿色电力": {
    "PB目前分位": 68.86,
    "PE目前分位": 61.6818,
    "基准价": 1857.2,
    "状态": "考虑卖出"
  },
  "证券公司": {
    "PB目前分位": 2.51,
    "PE目前分位": 35.6015,
    "基准价": 699.17,
    "状态": "考虑卖出"
  }
}