{
  "中证1000": {
    "PB目前分位": 2.27,
    "PE目前分位": 39.1863,
    "基准价": 4392.816000000001,
    "状态": "考虑卖出"
  },
  "中证中药": {
    "PB目前分位": 12.6,
    "PE目前分位": 22.0904,
    "基准价": 9269.472000000002,
    "状态": "考虑卖出"
  },
  "中证医疗": {
    "PB目前分位": 0.63,
    "PE目前分位": 13.3274,
    "基准价": 6229.8816,
    "状态": "低估"
  },
  "中证白酒": {
    "PB目前分位": 29.76,
    "PE目前分位": 17.4574,
    "基准价": 10653.936,
    "状态": "低估"
  },
  "中证红利": {
    "PB目前分位": 19.31,
    "PE目前分位": 36.5811,
    "基准价": 4717.3535999999995,
    "状态": "考虑卖出"
  },
  "光伏产业": {
    "PB目前分位": 11.51,
    "PE目前分位": 20.4214,
    "基准价": 2096.9280000000003,
    "状态": "考虑卖出"
  },
  "军工指数": {
    "PB目前分位": 35.53,
    "PE目前分位": 2.7084,
    "基准价": 1061.6544000000001,
    "状态": "低估"
  },
  "动漫游戏": {
    "PB目前分位": 17.77,
    "PE目前分位": 52.6544,
    "基准价": 1752.96,
    "状态": "考虑卖出"
  },
  "医疗器械": {
    "PB目前分位": 0.91,
    "PE目前分位": 29.4207,
    "基准价": 10296.912,
    "状态": "考虑卖出"
  },
  "半导体": {
    "PB目前分位": 28.47,
    "PE目前分位": 58.3112,
    "基准价": 5326.61,
    "状态": "考虑卖出"
  },
  "新能源车": {
    "PB目前分位": 29.53,
    "PE目前分位": 30.7201,
    "基准价": 1958.1888,
    "状态": "考虑卖出"
  },
  "沪深300": {
    "PB目前分位": 3.23,
    "PE目前分位": 34.2587,
    "基准价": 3516.08,
    "状态": "考虑卖出"
  },
  "煤炭指数": {
    "PB目前分位": 89.66,
    "PE目前分位": 67.3233,
    "基准价": 4951.67,
    "状态": "考虑卖出"
  },
  "科创50": {
    "PB目前分位": 0.43,
    "PE目前分位": 29.9247,
    "基准价": 807.71,
    "状态": "考虑卖出"
  },
  "绿色电力": {
    "PB目前分位": 84.67,
    "PE目前分位": 59.1765,
    "基准价": 1989.17,
    "状态": "考虑卖出"
  },
  "证券公司": {
    "PB目前分位": 0.59,
    "PE目前分位": 56.6614,
    "基准价": 699.17,
    "状态": "考虑卖出"
  }
}