{
  "中证1000": {
    "PB目前分位": 11.76,
    "PE目前分位": 45.1584,
    "基准价": 6170.65,
    "状态": "考虑卖出"
  },
  "中证中药": {
    "PB目前分位": 18.83,
    "PE目前分位": 15.8277,
    "基准价": 10086.6048,
    "状态": "低估"
  },
  "中证医疗": {
    "PB目前分位": 3.32,
    "PE目前分位": 21.6959,
    "基准价": 7551.3216,
    "状态": "考虑卖出"
  },
  "中证白酒": {
    "PB目前分位": 48.48,
    "PE目前分位": 29.2278,
    "基准价": 15361.32,
    "状态": "考虑卖出"
  },
  "中证红利": {
    "PB目前分位": 2.54,
    "PE目前分位": 12.8403,
    "基准价": 4717.3535999999995,
    "状态": "低估"
  },
  "光伏产业": {
    "PB目前分位": 27.05,
    "PE目前分位": 3.3363,
    "基准价": 2662.8192,
    "状态": "低估"
  },
  "军工指数": {
    "PB目前分位": 45.81,
    "PE目前分位": 4.0471,
    "基准价": 1252.1855999999998,
    "状态": "低估"
  },
  "动漫游戏": {
    "PB目前分位": 55.08,
    "PE目前分位": 91.749,
    "基准价": 1752.96,
    "状态": "考虑卖出"
  },
  "医疗器械": {
    "PB目前分位": 3.7,
    "PE目前分位": 29.0143,
    "基准价": 10296.912,
    "状态": "考虑卖出"
  },
  "半导体": {
    "PB目前分位": 57.95,
    "PE目前分位": 85.6518,
    "基准价": 5326.61,
    "状态": "考虑卖出"
  },
  "新能源车": {
    "PB目前分位": 37.04,
    "PE目前分位": 11.4311,
    "基准价": 2414.3711999999996,
    "状态": "低估"
  },
  "煤炭指数": {
    "PB目前分位": 66.45,
    "PE目前分位": 14.9007,
    "基准价": 3949.93,
    "状态": "低估"
  },
  "科创50": {
    "PB目前分位": 5.22,
    "PE目前分位": 47.3881,
    "基准价": 845.952,
    "状态": "考虑卖出"
  },
  "绿色电力": {
    "PB目前分位": 60.61,
    "PE目前分位": 57.1362,
    "基准价": 1857.2,
    "状态": "考虑卖出"
  },
  "证券公司": {
    "PB目前分位": 19.49,
    "PE目前分位": 53.152,
    "基准价": 699.17,
    "状态": "考虑卖出"
  }
}