{
  "中证1000": {
    "PB目前分位": 4.33,
    "PE目前分位": 23.4703,
    "基准价": 4392.816000000001,
    "状态": "考虑卖出"
  },
  "中证中药": {
    "PB目前分位": 17.12,
    "PE目前分位": 15.4384,
    "基准价": 9269.472000000002,
    "状态": "低估"
  },
  "中证医疗": {
    "PB目前分位": 1.23,
    "PE目前分位": 16.4915,
    "基准价": 6229.8816,
    "状态": "低估"
  },
  "中证白酒": {
    "PB目前分位": 43.55,
    "PE目前分位": 27.919,
    "基准价": 10653.936,
    "状态": "考虑卖出"
  },
  "中证红利": {
    "PB目前分位": 17.49,
    "PE目前分位": 30.0429,
    "基准价": 4717.3535999999995,
    "状态": "考虑卖出"
  },
  "光伏产业": {
    "PB目前分位": 28.64,
    "PE目前分位": 7.4979,
    "基准价": 2096.9280000000003,
    "状态": "低估"
  },
  "军工指数": {
    "PB目前分位": 42.1,
    "PE目前分位": 4.3634,
    "基准价": 1061.6544000000001,
    "状态": "低估"
  },
  "动漫游戏": {
    "PB目前分位": 52.42,
    "PE目前分位": 91.1618,
    "基准价": 1752.96,
    "状态": "考虑卖出"
  },
  "医疗器械": {
    "PB目前分位": 3.62,
    "PE目前分位": 29.3755,
    "基准价": 10296.912,
    "状态": "考虑卖出"
  },
  "半导体": {
    "PB目前分位": 46.57,
    "PE目前分位": 74.6723,
    "基准价": 5326.61,
    "状态": "考虑卖出"
  },
  "新能源车": {
    "PB目前分位": 35.83,
    "PE目前分位": 8.3913,
    "基准价": 1958.1888,
    "状态": "低估"
  },
  "沪深300": {
    "PB目前分位": 4.74,
    "PE目前分位": 24.913,
    "基准价": 3516.08,
    "状态": "考虑卖出"
  },
  "煤炭指数": {
    "PB目前分位": 89.74,
    "PE目前分位": 46.6381,
    "基准价": 4951.67,
    "状态": "考虑卖出"
  },
  "科创50": {
    "PB目前分位": 3.51,
    "PE目前分位": 52.1542,
    "基准价": 807.71,
    "状态": "考虑卖出"
  },
  "绿色电力": {
    "PB目前分位": 81.04,
    "PE目前分位": 62.6565,
    "基准价": 1857.2,
    "状态": "考虑卖出"
  },
  "证券公司": {
    "PB目前分位": 10.38,
    "PE目前分位": 47.8244,
    "基准价": 699.17,
    "状态": "考虑卖出"
  }
}