{
  "中证1000": {
    "PB目前分位": 7.99,
    "PE目前分位": 45.9828,
    "基准价": 6170.65,
    "状态": "考虑卖出"
  },
  "中证中药": {
    "PB目前分位": 19.33,
    "PE目前分位": 15.8815,
    "基准价": 10086.6048,
    "状态": "低估"
  },
  "中证医疗": {
    "PB目前分位": 3.8,
    "PE目前分位": 21.7681,
    "基准价": 7551.3216,
    "状态": "考虑卖出"
  },
  "中证白酒": {
    "PB目前分位": 52.33,
    "PE目前分位": 31.5351,
    "基准价": 15361.32,
    "状态": "考虑卖出"
  },
  "中证红利": {
    "PB目前分位": 1.18,
    "PE目前分位": 9.7381,
    "基准价": 4717.3535999999995,
    "状态": "低估"
  },
  "光伏产业": {
    "PB目前分位": 25.95,
    "PE目前分位": 1.7241,
    "基准价": 2662.8192,
    "状态": "低估"
  },
  "军工指数": {
    "PB目前分位": 43.53,
    "PE目前分位": 3.578,
    "基准价": 1252.1855999999998,
    "状态": "低估"
  },
  "动漫游戏": {
    "PB目前分位": 55.54,
    "PE目前分位": 92.182,
    "基准价": 1752.96,
    "状态": "考虑卖出"
  },
  "医疗器械": {
    "PB目前分位": 3.11,
    "PE目前分位": 28.4576,
    "基准价": 10296.912,
    "状态": "考虑卖出"
  },
  "半导体": {
    "PB目前分位": 58.03,
    "PE目前分位": 72.6186,
    "基准价": 5326.61,
    "状态": "考虑卖出"
  },
  "新能源车": {
    "PB目前分位": 37.61,
    "PE目前分位": 13.2731,
    "基准价": 2414.3711999999996,
    "状态": "低估"
  },
  "煤炭指数": {
    "PB目前分位": 57.17,
    "PE目前分位": 11.8038,
    "基准价": 3949.93,
    "状态": "低估"
  },
  "科创50": {
    "PB目前分位": 4.39,
    "PE目前分位": 36.8883,
    "基准价": 845.952,
    "状态": "考虑卖出"
  },
  "绿色电力": {
    "PB目前分位": 56.62,
    "PE目前分位": 55.2301,
    "基准价": 1857.2,
    "状态": "考虑卖出"
  },
  "证券公司": {
    "PB目前分位": 18.26,
    "PE目前分位": 52.314,
    "基准价": 699.17,
    "状态": "考虑卖出"
  }
}