{
  "中证1000": {
    "PB目前分位": 2.27,
    "PE目前分位": 39.1528,
    "基准价": 4392.816000000001,
    "状态": "考虑卖出"
  },
  "中证中药": {
    "PB目前分位": 13.13,
    "PE目前分位": 22.435,
    "基准价": 9269.472000000002,
    "状态": "考虑卖出"
  },
  "中证医疗": {
    "PB目前分位": 0.54,
    "PE目前分位": 12.4218,
    "基准价": 6229.8816,
    "状态": "低估"
  },
  "中证白酒": {
    "PB目前分位": 29.41,
    "PE目前分位": 16.567,
    "基准价": 10653.936,
    "状态": "低估"
  },
  "中证红利": {
    "PB目前分位": 21.3,
    "PE目前分位": 39.8594,
    "基准价": 4717.3535999999995,
    "状态": "考虑卖出"
  },
  "光伏产业": {
    "PB目前分位": 7.52,
    "PE目前分位": 19.9029,
    "基准价": 2096.9280000000003,
    "状态": "低估"
  },
  "军工指数": {
    "PB目前分位": 35.61,
    "PE目前分位": 2.7417,
    "基准价": 1061.6544000000001,
    "状态": "低估"
  },
  "动漫游戏": {
    "PB目前分位": 15.85,
    "PE目前分位": 50.7576,
    "基准价": 1752.96,
    "状态": "考虑卖出"
  },
  "医疗器械": {
    "PB目前分位": 0.72,
    "PE目前分位": 28.5282,
    "基准价": 10296.912,
    "状态": "考虑卖出"
  },
  "半导体": {
    "PB目前分位": 32.73,
    "PE目前分位": 61.294,
    "基准价": 5326.61,
    "状态": "考虑卖出"
  },
  "新能源车": {
    "PB目前分位": 27.93,
    "PE目前分位": 30.2682,
    "基准价": 1958.1888,
    "状态": "考虑卖出"
  },
  "沪深300": {
    "PB目前分位": 3.57,
    "PE目前分位": 35.8787,
    "基准价": 3516.08,
    "状态": "考虑卖出"
  },
  "煤炭指数": {
    "PB目前分位": 91.95,
    "PE目前分位": 69.8067,
    "基准价": 4951.67,
    "状态": "考虑卖出"
  },
  "科创50": {
    "PB目前分位": 0.64,
    "PE目前分位": 32.9753,
    "基准价": 807.71,
    "状态": "考虑卖出"
  },
  "绿色电力": {
    "PB目前分位": 87.22,
    "PE目前分位": 63.3698,
    "基准价": 1989.17,
    "状态": "考虑卖出"
  },
  "证券公司": {
    "PB目前分位": 0.47,
    "PE目前分位": 56.4605,
    "基准价": 699.17,
    "状态": "考虑卖出"
  }
}