{
  "中证1000": {
    "PB目前分位": 7.75,
    "PE目前分位": 43.7245,
    "基准价": 6170.65,
    "状态": "考虑卖出"
  },
  "中证中药": {
    "PB目前分位": 18.32,
    "PE目前分位": 15.5114,
    "基准价": 10086.6048,
    "状态": "低估"
  },
  "中证医疗": {
    "PB目前分位": 2.75,
    "PE目前分位": 21.3472,
    "基准价": 7551.3216,
    "状态": "考虑卖出"
  },
  "中证白酒": {
    "PB目前分位": 48.56,
    "PE目前分位": 29.2707,
    "基准价": 15361.32,
    "状态": "考虑卖出"
  },
  "中证红利": {
    "PB目前分位": 2.25,
    "PE目前分位": 12.4494,
    "基准价": 4717.3535999999995,
    "状态": "低估"
  },
  "光伏产业": {
    "PB目前分位": 26.22,
    "PE目前分位": 2.3508,
    "基准价": 2662.8192,
    "状态": "低估"
  },
  "军工指数": {
    "PB目前分位": 43.24,
    "PE目前分位": 3.6464,
    "基准价": 1252.1855999999998,
    "状态": "低估"
  },
  "动漫游戏": {
    "PB目前分位": 55.53,
    "PE目前分位": 92.0838,
    "基准价": 1752.96,
    "状态": "考虑卖出"
  },
  "医疗器械": {
    "PB目前分位": 3.34,
    "PE目前分位": 28.5714,
    "基准价": 10296.912,
    "状态": "考虑卖出"
  },
  "半导体": {
    "PB目前分位": 56.9,
    "PE目前分位": 83.0879,
    "基准价": 5326.61,
    "状态": "考虑卖出"
  },
  "新能源车": {
    "PB目前分位": 36.95,
    "PE目前分位": 11.3114,
    "基准价": 2414.3711999999996,
    "状态": "低估"
  },
  "煤炭指数": {
    "PB目前分位": 67.81,
    "PE目前分位": 15.4328,
    "基准价": 3949.93,
    "状态": "低估"
  },
  "科创50": {
    "PB目前分位": 3.62,
    "PE目前分位": 46.4419,
    "基准价": 845.952,
    "状态": "考虑卖出"
  },
  "绿色电力": {
    "PB目前分位": 58.05,
    "PE目前分位": 56.1021,
    "基准价": 1857.2,
    "状态": "考虑卖出"
  },
  "证券公司": {
    "PB目前分位": 17.24,
    "PE目前分位": 51.6502,
    "基准价": 699.17,
    "状态": "考虑卖出"
  }
}