{
  "中证1000": {
    "PB目前分位": 6.14,
    "PE目前分位": 37.3691,
    "基准价": 6170.65,
    "状态": "考虑卖出"
  },
  "中证中药": {
    "PB目前分位": 20.02,
    "PE目前分位": 16.3176,
    "基准价": 10086.6048,
    "状态": "低估"
  },
  "中证医疗": {
    "PB目前分位": 1.19,
    "PE目前分位": 14.2993,
    "基准价": 7551.3216,
    "状态": "低估"
  },
  "中证白酒": {
    "PB目前分位": 47.52,
    "PE目前分位": 28.1849,
    "基准价": 15361.32,
    "状态": "考虑卖出"
  },
  "中证红利": {
    "PB目前分位": 5.43,
    "PE目前分位": 13.1238,
    "基准价": 4717.3535999999995,
    "状态": "低估"
  },
  "光伏产业": {
    "PB目前分位": 26.19,
    "PE目前分位": 0.6387,
    "基准价": 2662.8192,
    "状态": "低估"
  },
  "军工指数": {
    "PB目前分位": 44.62,
    "PE目前分位": 3.549,
    "基准价": 1252.1855999999998,
    "状态": "低估"
  },
  "动漫游戏": {
    "PB目前分位": 39.87,
    "PE目前分位": 99.9415,
    "基准价": 1752.96,
    "状态": "考虑卖出"
  },
  "医疗器械": {
    "PB目前分位": 1.24,
    "PE目前分位": 20.0559,
    "基准价": 10296.912,
    "状态": "考虑卖出"
  },
  "半导体": {
    "PB目前分位": 51.62,
    "PE目前分位": 65.6812,
    "基准价": 5326.61,
    "状态": "考虑卖出"
  },
  "新能源车": {
    "PB目前分位": 36.94,
    "PE目前分位": 8.4654,
    "基准价": 2414.3711999999996,
    "状态": "低估"
  },
  "煤炭指数": {
    "PB目前分位": 61.4,
    "PE目前分位": 10.3512,
    "基准价": 3949.93,
    "状态": "低估"
  },
  "科创50": {
    "PB目前分位": 1.39,
    "PE目前分位": 2.402,
    "基准价": 845.952,
    "状态": "低估"
  },
  "绿色电力": {
    "PB目前分位": 63.36,
    "PE目前分位": 62.2378,
    "基准价": 1857.2,
    "状态": "考虑卖出"
  },
  "证券公司": {
    "PB目前分位": 14.17,
    "PE目前分位": 45.5675,
    "基准价": 699.17,
    "状态": "考虑卖出"
  }
}