{
  "中证1000": {
    "PB目前分位": 5.1,
    "PE目前分位": 32.6958,
    "基准价": 6170.65,
    "状态": "考虑卖出"
  },
  "中证中药": {
    "PB目前分位": 14.47,
    "PE目前分位": 13.9864,
    "基准价": 10086.6048,
    "状态": "低估"
  },
  "中证医疗": {
    "PB目前分位": 0.1,
    "PE目前分位": 9.8712,
    "基准价": 7551.3216,
    "状态": "低估"
  },
  "中证白酒": {
    "PB目前分位": 47.44,
    "PE目前分位": 28.0512,
    "基准价": 15361.32,
    "状态": "考虑卖出"
  },
  "中证红利": {
    "PB目前分位": 7.17,
    "PE目前分位": 13.6834,
    "基准价": 4717.3535999999995,
    "状态": "低估"
  },
  "光伏产业": {
    "PB目前分位": 25.57,
    "PE目前分位": 0.274,
    "基准价": 2662.8192,
    "状态": "低估"
  },
  "军工指数": {
    "PB目前分位": 45.08,
    "PE目前分位": 3.4393,
    "基准价": 1252.1855999999998,
    "状态": "低估"
  },
  "动漫游戏": {
    "PB目前分位": 38.14,
    "PE目前分位": 97.7153,
    "基准价": 1752.96,
    "状态": "考虑卖出"
  },
  "医疗器械": {
    "PB目前分位": 0.08,
    "PE目前分位": 17.0264,
    "基准价": 10296.912,
    "状态": "低估"
  },
  "半导体": {
    "PB目前分位": 49.12,
    "PE目前分位": 63.3094,
    "基准价": 5326.61,
    "状态": "考虑卖出"
  },
  "新能源车": {
    "PB目前分位": 36.73,
    "PE目前分位": 6.3406,
    "基准价": 2414.3711999999996,
    "状态": "低估"
  },
  "煤炭指数": {
    "PB目前分位": 63.46,
    "PE目前分位": 10.2441,
    "基准价": 3949.93,
    "状态": "低估"
  },
  "科创50": {
    "PB目前分位": 0.25,
    "PE目前分位": 0.8861,
    "基准价": 845.952,
    "状态": "低估"
  },
  "绿色电力": {
    "PB目前分位": 64.09,
    "PE目前分位": 63.3396,
    "基准价": 1857.2,
    "状态": "考虑卖出"
  },
  "证券公司": {
    "PB目前分位": 14.09,
    "PE目前分位": 44.5504,
    "基准价": 699.17,
    "状态": "考虑卖出"
  }
}