{
  "中证1000": {
    "PB目前分位": 3.71,
    "PE目前分位": 25.0112,
    "基准价": 6170.65,
    "状态": "考虑卖出"
  },
  "中证中药": {
    "PB目前分位": 15.45,
    "PE目前分位": 14.682,
    "基准价": 10086.6048,
    "状态": "低估"
  },
  "中证医疗": {
    "PB目前分位": 0.7,
    "PE目前分位": 19.1479,
    "基准价": 7551.3216,
    "状态": "低估"
  },
  "中证白酒": {
    "PB目前分位": 35.3,
    "PE目前分位": 21.9218,
    "基准价": 15361.32,
    "状态": "考虑卖出"
  },
  "中证红利": {
    "PB目前分位": 5.07,
    "PE目前分位": 9.3328,
    "基准价": 4717.3535999999995,
    "状态": "低估"
  },
  "光伏产业": {
    "PB目前分位": 14.02,
    "PE目前分位": 0.0882,
    "基准价": 2330.6784,
    "状态": "低估"
  },
  "军工指数": {
    "PB目前分位": 40.76,
    "PE目前分位": 2.9165,
    "基准价": 1252.1855999999998,
    "状态": "低估"
  },
  "动漫游戏": {
    "PB目前分位": 57.39,
    "PE目前分位": 92.669,
    "基准价": 1752.96,
    "状态": "考虑卖出"
  },
  "医疗器械": {
    "PB目前分位": 3.78,
    "PE目前分位": 31.2082,
    "基准价": 10296.912,
    "状态": "考虑卖出"
  },
  "半导体": {
    "PB目前分位": 54.15,
    "PE目前分位": 80.244,
    "基准价": 5326.61,
    "状态": "考虑卖出"
  },
  "新能源车": {
    "PB目前分位": 26.12,
    "PE目前分位": 1.5131,
    "基准价": 2186.4384,
    "状态": "低估"
  },
  "煤炭指数": {
    "PB目前分位": 74.95,
    "PE目前分位": 20.9989,
    "基准价": 3949.93,
    "状态": "考虑卖出"
  },
  "科创50": {
    "PB目前分位": 1.33,
    "PE目前分位": 44.2702,
    "基准价": 845.952,
    "状态": "考虑卖出"
  },
  "绿色电力": {
    "PB目前分位": 61.43,
    "PE目前分位": 57.4897,
    "基准价": 1857.2,
    "状态": "考虑卖出"
  },
  "证券公司": {
    "PB目前分位": 8.52,
    "PE目前分位": 43.23,
    "基准价": 699.17,
    "状态": "考虑卖出"
  }
}