{
  "中证1000": {
    "PB目前分位": 5.4,
    "PE目前分位": 45.7118,
    "基准价": 4392.816000000001,
    "状态": "考虑卖出"
  },
  "中证中药": {
    "PB目前分位": 16.73,
    "PE目前分位": 24.543,
    "基准价": 9269.472000000002,
    "状态": "考虑卖出"
  },
  "中证医疗": {
    "PB目前分位": 1.03,
    "PE目前分位": 16.8831,
    "基准价": 6229.8816,
    "状态": "低估"
  },
  "中证白酒": {
    "PB目前分位": 31.41,
    "PE目前分位": 20.9871,
    "基准价": 10653.936,
    "状态": "考虑卖出"
  },
  "中证红利": {
    "PB目前分位": 20.67,
    "PE目前分位": 38.5563,
    "基准价": 4717.3535999999995,
    "状态": "考虑卖出"
  },
  "光伏产业": {
    "PB目前分位": 6.01,
    "PE目前分位": 19.9025,
    "基准价": 2096.9280000000003,
    "状态": "低估"
  },
  "军工指数": {
    "PB目前分位": 40.49,
    "PE目前分位": 4.0141,
    "基准价": 1061.6544000000001,
    "状态": "低估"
  },
  "动漫游戏": {
    "PB目前分位": 24.91,
    "PE目前分位": 54.802,
    "基准价": 1752.96,
    "状态": "考虑卖出"
  },
  "医疗器械": {
    "PB目前分位": 1.55,
    "PE目前分位": 32.0697,
    "基准价": 10296.912,
    "状态": "考虑卖出"
  },
  "半导体": {
    "PB目前分位": 33.09,
    "PE目前分位": 61.5997,
    "基准价": 5326.61,
    "状态": "考虑卖出"
  },
  "新能源车": {
    "PB目前分位": 32.89,
    "PE目前分位": 31.9113,
    "基准价": 1958.1888,
    "状态": "考虑卖出"
  },
  "沪深300": {
    "PB目前分位": 4.41,
    "PE目前分位": 38.2214,
    "基准价": 3516.08,
    "状态": "考虑卖出"
  },
  "煤炭指数": {
    "PB目前分位": 90.81,
    "PE目前分位": 68.9437,
    "基准价": 4951.67,
    "状态": "考虑卖出"
  },
  "科创50": {
    "PB目前分位": 1.19,
    "PE目前分位": 40.2808,
    "基准价": 807.71,
    "状态": "考虑卖出"
  },
  "绿色电力": {
    "PB目前分位": 82.76,
    "PE目前分位": 56.2281,
    "基准价": 1989.17,
    "状态": "考虑卖出"
  },
  "证券公司": {
    "PB目前分位": 3.1,
    "PE目前分位": 59.0428,
    "基准价": 699.17,
    "状态": "考虑卖出"
  }
}