{
  "中证1000": {
    "PB目前分位": 3.79,
    "PE目前分位": 22.4739,
    "基准价": 4392.816000000001,
    "状态": "考虑卖出"
  },
  "中证中药": {
    "PB目前分位": 12.22,
    "PE目前分位": 10.9201,
    "基准价": 9269.472000000002,
    "状态": "低估"
  },
  "中证医疗": {
    "PB目前分位": 0.23,
    "PE目前分位": 10.6054,
    "基准价": 6229.8816,
    "状态": "低估"
  },
  "中证白酒": {
    "PB目前分位": 41.79,
    "PE目前分位": 27.2045,
    "基准价": 10653.936,
    "状态": "考虑卖出"
  },
  "中证红利": {
    "PB目前分位": 18.69,
    "PE目前分位": 30.9914,
    "基准价": 4717.3535999999995,
    "状态": "考虑卖出"
  },
  "光伏产业": {
    "PB目前分位": 22.09,
    "PE目前分位": 4.4351,
    "基准价": 2096.9280000000003,
    "状态": "低估"
  },
  "军工指数": {
    "PB目前分位": 39.48,
    "PE目前分位": 3.8873,
    "基准价": 1061.6544000000001,
    "状态": "低估"
  },
  "动漫游戏": {
    "PB目前分位": 49.25,
    "PE目前分位": 90.4261,
    "基准价": 1752.96,
    "状态": "考虑卖出"
  },
  "医疗器械": {
    "PB目前分位": 0.92,
    "PE目前分位": 25.2498,
    "基准价": 10296.912,
    "状态": "考虑卖出"
  },
  "半导体": {
    "PB目前分位": 43.7,
    "PE目前分位": 70.6764,
    "基准价": 5326.61,
    "状态": "考虑卖出"
  },
  "新能源车": {
    "PB目前分位": 33.88,
    "PE目前分位": 8.1889,
    "基准价": 1958.1888,
    "状态": "低估"
  },
  "沪深300": {
    "PB目前分位": 4.14,
    "PE目前分位": 24.3924,
    "基准价": 3516.08,
    "状态": "考虑卖出"
  },
  "煤炭指数": {
    "PB目前分位": 88.8,
    "PE目前分位": 47.1469,
    "基准价": 4951.67,
    "状态": "考虑卖出"
  },
  "科创50": {
    "PB目前分位": 1.8,
    "PE目前分位": 47.191,
    "基准价": 807.71,
    "状态": "考虑卖出"
  },
  "绿色电力": {
    "PB目前分位": 81.06,
    "PE目前分位": 63.0125,
    "基准价": 1857.2,
    "状态": "考虑卖出"
  },
  "证券公司": {
    "PB目前分位": 4.74,
    "PE目前分位": 39.3156,
    "基准价": 699.17,
    "状态": "考虑卖出"
  }
}