{"中证白酒": {"危险分位": 31.0275355, "机会分位": 27.69169426, "基准价": 2793.876}, "医疗器械": {"危险分位": 53.94671866, "机会分位": 38.01710429, "基准价": 10956.6432}, "新能源车": {"危险分位": 45.34124421, "机会分位": 25.10122892, "基准价": 2861.3376}, "中证红利": {"危险分位": 7.77180279, "机会分位": 6.60702725, "基准价": 5311.9976}, "中证1000": {"危险分位": 41.95569824, "机会分位": 36.14123549, "基准价": 5954.1503999999995}, "证券公司": {"危险分位": 22.31269038, "机会分位": 19.50401153, "基准价": 783.9416}, "动漫游戏": {"危险分位": 34.58881134, "机会分位": 29.63464032, "基准价": 1834.1127999999999}, "半导体": {"危险分位": 80.48053282, "机会分位": 62.53682654, "基准价": 2981.842}, "科创50": {"危险分位": 53.921585815, "机会分位": 43.130188247, "基准价": 873.9648}, "煤炭指数": {"危险分位": 10.59776696, "机会分位": 9.40111245, "基准价": 3748.2744000000002}, "军工指数": {"危险分位": 68.21036347, "机会分位": 58.82089361, "基准价": 1536.7872}, "中证中药": {"危险分位": 30.99763772, "机会分位": 28.98295155, "基准价": 9804.942}, "光伏产业": {"危险分位": 33.570153485000006, "机会分位": 30.288233685, "基准价": 3436.1495999999997}, "绿色电力": {"危险分位": 18.37318087, "机会分位": 16.42658356, "基准价": 1858.046}}