{
  "中证1000": {
    "PB目前分位": 0,
    "PE目前分位": 8.4731,
    "基准价": 4392.816000000001,
    "状态": "低估"
  },
  "中证中药": {
    "PB目前分位": 0.9,
    "PE目前分位": 4.3827,
    "基准价": 9269.472000000002,
    "状态": "低估"
  },
  "中证医疗": {
    "PB目前分位": 0,
    "PE目前分位": 8.1218,
    "基准价": 6229.8816,
    "状态": "低估"
  },
  "中证白酒": {
    "PB目前分位": 31.83,
    "PE目前分位": 16.5081,
    "基准价": 10653.936,
    "状态": "低估"
  },
  "中证红利": {
    "PB目前分位": 15.86,
    "PE目前分位": 27.1449,
    "基准价": 4717.3535999999995,
    "状态": "考虑卖出"
  },
  "光伏产业": {
    "PB目前分位": 2.75,
    "PE目前分位": 0,
    "基准价": 2096.9280000000003,
    "状态": "低估"
  },
  "军工指数": {
    "PB目前分位": 19.68,
    "PE目前分位": 1.2978,
    "基准价": 1061.6544000000001,
    "状态": "低估"
  },
  "动漫游戏": {
    "PB目前分位": 16.38,
    "PE目前分位": 90.6021,
    "基准价": 1752.96,
    "状态": "考虑卖出"
  },
  "医疗器械": {
    "PB目前分位": 0,
    "PE目前分位": 20.9565,
    "基准价": 10296.912,
    "状态": "考虑卖出"
  },
  "半导体": {
    "PB目前分位": 21.81,
    "PE目前分位": 55.4432,
    "基准价": 5326.61,
    "状态": "考虑卖出"
  },
  "新能源车": {
    "PB目前分位": 21.99,
    "PE目前分位": 0,
    "基准价": 1958.1888,
    "状态": "低估"
  },
  "煤炭指数": {
    "PB目前分位": 87.74,
    "PE目前分位": 41.168,
    "基准价": 3949.93,
    "状态": "考虑卖出"
  },
  "科创50": {
    "PB目前分位": 0,
    "PE目前分位": 0.4651,
    "基准价": 669.792,
    "状态": "低估"
  },
  "绿色电力": {
    "PB目前分位": 68.61,
    "PE目前分位": 50.4517,
    "基准价": 1857.2,
    "状态": "考虑卖出"
  },
  "证券公司": {
    "PB目前分位": 0.97,
    "PE目前分位": 34.4744,
    "基准价": 699.17,
    "状态": "考虑卖出"
  }
}