{
  "中证1000": {
    "PB目前分位": 0.44,
    "PE目前分位": 16.9529,
    "基准价": 4392.816000000001,
    "状态": "低估"
  },
  "中证中药": {
    "PB目前分位": 9.5,
    "PE目前分位": 8.8387,
    "基准价": 9269.472000000002,
    "状态": "低估"
  },
  "中证医疗": {
    "PB目前分位": 0.32,
    "PE目前分位": 12.5691,
    "基准价": 6229.8816,
    "状态": "低估"
  },
  "中证白酒": {
    "PB目前分位": 36.73,
    "PE目前分位": 23.4457,
    "基准价": 10653.936,
    "状态": "考虑卖出"
  },
  "中证红利": {
    "PB目前分位": 18.64,
    "PE目前分位": 30.7305,
    "基准价": 4717.3535999999995,
    "状态": "考虑卖出"
  },
  "光伏产业": {
    "PB目前分位": 15.13,
    "PE目前分位": 0.9402,
    "基准价": 2096.9280000000003,
    "状态": "低估"
  },
  "军工指数": {
    "PB目前分位": 32.96,
    "PE目前分位": 2.8427,
    "基准价": 1061.6544000000001,
    "状态": "低估"
  },
  "动漫游戏": {
    "PB目前分位": 34.79,
    "PE目前分位": 91.4141,
    "基准价": 1752.96,
    "状态": "考虑卖出"
  },
  "医疗器械": {
    "PB目前分位": 1.4,
    "PE目前分位": 27.7454,
    "基准价": 10296.912,
    "状态": "考虑卖出"
  },
  "半导体": {
    "PB目前分位": 38.61,
    "PE目前分位": 68.1412,
    "基准价": 5326.61,
    "状态": "考虑卖出"
  },
  "新能源车": {
    "PB目前分位": 24.88,
    "PE目前分位": 1.0074,
    "基准价": 1958.1888,
    "状态": "低估"
  },
  "煤炭指数": {
    "PB目前分位": 92.98,
    "PE目前分位": 50.7017,
    "基准价": 4951.67,
    "状态": "卖出"
  },
  "科创50": {
    "PB目前分位": 1.73,
    "PE目前分位": 28.5549,
    "基准价": 669.792,
    "状态": "考虑卖出"
  },
  "绿色电力": {
    "PB目前分位": 78.46,
    "PE目前分位": 60.4777,
    "基准价": 1857.2,
    "状态": "考虑卖出"
  },
  "证券公司": {
    "PB目前分位": 5.27,
    "PE目前分位": 40.0322,
    "基准价": 699.17,
    "状态": "考虑卖出"
  }
}