{
  "中证1000": {
    "PB目前分位": 1.6,
    "PE目前分位": 18.7554,
    "基准价": 4392.816000000001,
    "状态": "低估"
  },
  "中证中药": {
    "PB目前分位": 15.71,
    "PE目前分位": 18.9862,
    "基准价": 9269.472000000002,
    "状态": "低估"
  },
  "中证医疗": {
    "PB目前分位": 0.09,
    "PE目前分位": 8.4424,
    "基准价": 6229.8816,
    "状态": "低估"
  },
  "中证白酒": {
    "PB目前分位": 40.7,
    "PE目前分位": 23.2558,
    "基准价": 10653.936,
    "状态": "考虑卖出"
  },
  "中证红利": {
    "PB目前分位": 21.83,
    "PE目前分位": 34.6917,
    "基准价": 4717.3535999999995,
    "状态": "考虑卖出"
  },
  "光伏产业": {
    "PB目前分位": 8.99,
    "PE目前分位": 1.7312,
    "基准价": 2096.9280000000003,
    "状态": "低估"
  },
  "军工指数": {
    "PB目前分位": 40.36,
    "PE目前分位": 4.5004,
    "基准价": 1061.6544000000001,
    "状态": "低估"
  },
  "动漫游戏": {
    "PB目前分位": 20.16,
    "PE目前分位": 84.7671,
    "基准价": 1752.96,
    "状态": "考虑卖出"
  },
  "医疗器械": {
    "PB目前分位": 0.31,
    "PE目前分位": 21.3359,
    "基准价": 10296.912,
    "状态": "考虑卖出"
  },
  "半导体": {
    "PB目前分位": 30.61,
    "PE目前分位": 61.1832,
    "基准价": 5326.61,
    "状态": "考虑卖出"
  },
  "新能源车": {
    "PB目前分位": 30.14,
    "PE目前分位": 12.4678,
    "基准价": 1958.1888,
    "状态": "低估"
  },
  "沪深300": {
    "PB目前分位": 4.5,
    "PE目前分位": 27.9723,
    "基准价": 3516.08,
    "状态": "考虑卖出"
  },
  "煤炭指数": {
    "PB目前分位": 90.89,
    "PE目前分位": 52.3033,
    "基准价": 4951.67,
    "状态": "考虑卖出"
  },
  "科创50": {
    "PB目前分位": 0.77,
    "PE目前分位": 27.7533,
    "基准价": 807.71,
    "状态": "考虑卖出"
  },
  "绿色电力": {
    "PB目前分位": 85.94,
    "PE目前分位": 64.7215,
    "基准价": 1989.17,
    "状态": "考虑卖出"
  },
  "证券公司": {
    "PB目前分位": 0.75,
    "PE目前分位": 40.3793,
    "基准价": 699.17,
    "状态": "考虑卖出"
  }
}