{
  "中证1000": {
    "PB目前分位": 0.48,
    "PE目前分位": 17.5176,
    "基准价": 4392.816000000001,
    "状态": "低估"
  },
  "中证中药": {
    "PB目前分位": 11.94,
    "PE目前分位": 9.8684,
    "基准价": 9269.472000000002,
    "状态": "低估"
  },
  "中证医疗": {
    "PB目前分位": 0.41,
    "PE目前分位": 13.3916,
    "基准价": 6229.8816,
    "状态": "低估"
  },
  "中证白酒": {
    "PB目前分位": 35.29,
    "PE目前分位": 22.296,
    "基准价": 10653.936,
    "状态": "考虑卖出"
  },
  "中证红利": {
    "PB目前分位": 19.5,
    "PE目前分位": 31.0432,
    "基准价": 4717.3535999999995,
    "状态": "考虑卖出"
  },
  "光伏产业": {
    "PB目前分位": 13.15,
    "PE目前分位": 0.5978,
    "基准价": 2096.9280000000003,
    "状态": "低估"
  },
  "军工指数": {
    "PB目前分位": 32.66,
    "PE目前分位": 2.7338,
    "基准价": 1061.6544000000001,
    "状态": "低估"
  },
  "动漫游戏": {
    "PB目前分位": 34.49,
    "PE目前分位": 91.3629,
    "基准价": 1752.96,
    "状态": "考虑卖出"
  },
  "医疗器械": {
    "PB目前分位": 1.71,
    "PE目前分位": 28.045,
    "基准价": 10296.912,
    "状态": "考虑卖出"
  },
  "半导体": {
    "PB目前分位": 37.04,
    "PE目前分位": 67.533,
    "基准价": 5326.61,
    "状态": "考虑卖出"
  },
  "新能源车": {
    "PB目前分位": 24.69,
    "PE目前分位": 0.9194,
    "基准价": 1958.1888,
    "状态": "低估"
  },
  "煤炭指数": {
    "PB目前分位": 93.38,
    "PE目前分位": 51.6906,
    "基准价": 4951.67,
    "状态": "考虑卖出"
  },
  "科创50": {
    "PB目前分位": 1.62,
    "PE目前分位": 24.8268,
    "基准价": 669.792,
    "状态": "考虑卖出"
  },
  "绿色电力": {
    "PB目前分位": 80.05,
    "PE目前分位": 61.4865,
    "基准价": 1857.2,
    "状态": "考虑卖出"
  },
  "证券公司": {
    "PB目前分位": 7.39,
    "PE目前分位": 43.5516,
    "基准价": 699.17,
    "状态": "考虑卖出"
  }
}