{
  "中证1000": {
    "PB目前分位": 5.38,
    "PE目前分位": 46.1505,
    "基准价": 4392.816000000001,
    "状态": "考虑卖出"
  },
  "中证中药": {
    "PB目前分位": 16.41,
    "PE目前分位": 25.2636,
    "基准价": 9269.472000000002,
    "状态": "考虑卖出"
  },
  "中证医疗": {
    "PB目前分位": 1.3,
    "PE目前分位": 18.4187,
    "基准价": 6229.8816,
    "状态": "低估"
  },
  "中证白酒": {
    "PB目前分位": 32.02,
    "PE目前分位": 21.7029,
    "基准价": 10653.936,
    "状态": "考虑卖出"
  },
  "中证红利": {
    "PB目前分位": 18.39,
    "PE目前分位": 35.3336,
    "基准价": 4717.3535999999995,
    "状态": "考虑卖出"
  },
  "光伏产业": {
    "PB目前分位": 14.71,
    "PE目前分位": 20.3431,
    "基准价": 2096.9280000000003,
    "状态": "考虑卖出"
  },
  "军工指数": {
    "PB目前分位": 42.85,
    "PE目前分位": 4.6594,
    "基准价": 1061.6544000000001,
    "状态": "低估"
  },
  "动漫游戏": {
    "PB目前分位": 29.96,
    "PE目前分位": 55.7734,
    "基准价": 1752.96,
    "状态": "考虑卖出"
  },
  "医疗器械": {
    "PB目前分位": 3.19,
    "PE目前分位": 33.7514,
    "基准价": 10296.912,
    "状态": "考虑卖出"
  },
  "半导体": {
    "PB目前分位": 35.77,
    "PE目前分位": 62.9038,
    "基准价": 5326.61,
    "状态": "考虑卖出"
  },
  "新能源车": {
    "PB目前分位": 35.39,
    "PE目前分位": 33.5901,
    "基准价": 1958.1888,
    "状态": "考虑卖出"
  },
  "沪深300": {
    "PB目前分位": 4.05,
    "PE目前分位": 37.5674,
    "基准价": 3516.08,
    "状态": "考虑卖出"
  },
  "煤炭指数": {
    "PB目前分位": 88.92,
    "PE目前分位": 66.6078,
    "基准价": 4951.67,
    "状态": "考虑卖出"
  },
  "科创50": {
    "PB目前分位": 2.72,
    "PE目前分位": 49.8368,
    "基准价": 807.71,
    "状态": "考虑卖出"
  },
  "绿色电力": {
    "PB目前分位": 81.7,
    "PE目前分位": 54.9934,
    "基准价": 1989.17,
    "状态": "考虑卖出"
  },
  "证券公司": {
    "PB目前分位": 4.8,
    "PE目前分位": 60.8183,
    "基准价": 699.17,
    "状态": "考虑卖出"
  }
}