{
  "中证1000": {
    "PB目前分位": 1.64,
    "PE目前分位": 20.2767,
    "基准价": 4392.816000000001,
    "状态": "考虑卖出"
  },
  "中证中药": {
    "PB目前分位": 17.93,
    "PE目前分位": 20.3781,
    "基准价": 9269.472000000002,
    "状态": "考虑卖出"
  },
  "中证医疗": {
    "PB目前分位": 0,
    "PE目前分位": 8.2204,
    "基准价": 6229.8816,
    "状态": "低估"
  },
  "中证白酒": {
    "PB目前分位": 37.79,
    "PE目前分位": 21.5914,
    "基准价": 10653.936,
    "状态": "考虑卖出"
  },
  "中证红利": {
    "PB目前分位": 22.44,
    "PE目前分位": 37.2563,
    "基准价": 4717.3535999999995,
    "状态": "考虑卖出"
  },
  "光伏产业": {
    "PB目前分位": 7.84,
    "PE目前分位": 1.6502,
    "基准价": 2096.9280000000003,
    "状态": "低估"
  },
  "军工指数": {
    "PB目前分位": 38.21,
    "PE目前分位": 3.8639,
    "基准价": 1061.6544000000001,
    "状态": "低估"
  },
  "动漫游戏": {
    "PB目前分位": 21.55,
    "PE目前分位": 92.2697,
    "基准价": 1752.96,
    "状态": "考虑卖出"
  },
  "医疗器械": {
    "PB目前分位": 0.11,
    "PE目前分位": 20.7331,
    "基准价": 10296.912,
    "状态": "考虑卖出"
  },
  "半导体": {
    "PB目前分位": 30.32,
    "PE目前分位": 61.0538,
    "基准价": 5326.61,
    "状态": "考虑卖出"
  },
  "新能源车": {
    "PB目前分位": 32.04,
    "PE目前分位": 12.5591,
    "基准价": 1958.1888,
    "状态": "低估"
  },
  "沪深300": {
    "PB目前分位": 5.45,
    "PE目前分位": 29.9243,
    "基准价": 3516.08,
    "状态": "考虑卖出"
  },
  "煤炭指数": {
    "PB目前分位": 94.15,
    "PE目前分位": 59.3761,
    "基准价": 4951.67,
    "状态": "考虑卖出"
  },
  "科创50": {
    "PB目前分位": 0.66,
    "PE目前分位": 27.2326,
    "基准价": 807.71,
    "状态": "考虑卖出"
  },
  "绿色电力": {
    "PB目前分位": 86.42,
    "PE目前分位": 64.3521,
    "基准价": 1989.17,
    "状态": "考虑卖出"
  },
  "证券公司": {
    "PB目前分位": 0.67,
    "PE目前分位": 39.7233,
    "基准价": 699.17,
    "状态": "考虑卖出"
  }
}