{"光伏产业": {"危险分位": 33.591759010000004, "机会分位": 30.248374232, "基准价": 3844.312}, "半导体": {"危险分位": 80.23520984, "机会分位": 62.21070222, "基准价": 2987.518}, "军工指数": {"危险分位": 68.03443708, "机会分位": 58.31527784, "基准价": 983.478}, "中证医疗": {"危险分位": 56.28894744, "机会分位": 40.69845879, "基准价": 7933.768999999999}, "动漫游戏": {"危险分位": 34.30253787, "机会分位": 29.58979491, "基准价": 1653.2649999999999}, "新能源车": {"危险分位": 45.16373273, "机会分位": 24.88068887, "基准价": 2075.826}, "绿色电力": {"危险分位": 18.38415133, "机会分位": 16.38177015, "基准价": 1858.232}, "中证红利": {"危险分位": 7.77017845, "机会分位": 6.56341477, "基准价": 2932.704}, "中证1000": {"危险分位": 41.77962406, "机会分位": 36.16870243, "基准价": 4658.286}, "证券公司": {"危险分位": 22.27781328, "机会分位": 19.50401153, "基准价": 701.229}, "医疗器械": {"危险分位": 54.26799901, "机会分位": 38.03358831, "基准价": 13641.124}, "科创50": {"危险分位": 53.509986995, "机会分位": 43.111458855, "基准价": 1057.68}, "煤炭指数": {"危险分位": 10.60587989, "机会分位": 9.39973499, "基准价": 2258.648}, "中证中药": {"危险分位": 31.03728703, "机会分位": 28.99326811, "基准价": 9805.101}, "中证白酒": {"危险分位": 31.06898789, "机会分位": 27.62481227, "基准价": 2794.508}}