{
  "中证1000": {
    "PB目前分位": 8.75,
    "PE目前分位": 46.3946,
    "基准价": 6170.65,
    "状态": "考虑卖出"
  },
  "中证中药": {
    "PB目前分位": 19.84,
    "PE目前分位": 16.1572,
    "基准价": 10086.6048,
    "状态": "低估"
  },
  "中证医疗": {
    "PB目前分位": 4.56,
    "PE目前分位": 21.9373,
    "基准价": 7551.3216,
    "状态": "考虑卖出"
  },
  "中证白酒": {
    "PB目前分位": 51.05,
    "PE目前分位": 30.7202,
    "基准价": 15361.32,
    "状态": "考虑卖出"
  },
  "中证红利": {
    "PB目前分位": 1.25,
    "PE目前分位": 9.8415,
    "基准价": 4717.3535999999995,
    "状态": "低估"
  },
  "光伏产业": {
    "PB目前分位": 26.18,
    "PE目前分位": 1.9928,
    "基准价": 2662.8192,
    "状态": "低估"
  },
  "军工指数": {
    "PB目前分位": 43.16,
    "PE目前分位": 3.5754,
    "基准价": 1252.1855999999998,
    "状态": "低估"
  },
  "动漫游戏": {
    "PB目前分位": 59.5,
    "PE目前分位": 92.6573,
    "基准价": 1752.96,
    "状态": "考虑卖出"
  },
  "医疗器械": {
    "PB目前分位": 3.7,
    "PE目前分位": 28.9924,
    "基准价": 10296.912,
    "状态": "考虑卖出"
  },
  "半导体": {
    "PB目前分位": 58.74,
    "PE目前分位": 73.5564,
    "基准价": 5326.61,
    "状态": "考虑卖出"
  },
  "新能源车": {
    "PB目前分位": 37.08,
    "PE目前分位": 11.9531,
    "基准价": 2414.3711999999996,
    "状态": "低估"
  },
  "煤炭指数": {
    "PB目前分位": 58.05,
    "PE目前分位": 12.0899,
    "基准价": 3949.93,
    "状态": "低估"
  },
  "科创50": {
    "PB目前分位": 5.13,
    "PE目前分位": 40.9262,
    "基准价": 845.952,
    "状态": "考虑卖出"
  },
  "绿色电力": {
    "PB目前分位": 55.69,
    "PE目前分位": 54.575,
    "基准价": 1857.2,
    "状态": "考虑卖出"
  },
  "证券公司": {
    "PB目前分位": 17.51,
    "PE目前分位": 51.7341,
    "基准价": 699.17,
    "状态": "考虑卖出"
  }
}