{
  "中证1000": {
    "PB目前分位": 5.02,
    "PE目前分位": 25.1309,
    "基准价": 4392.816000000001,
    "状态": "考虑卖出"
  },
  "中证中药": {
    "PB目前分位": 17.04,
    "PE目前分位": 16.1546,
    "基准价": 9269.472000000002,
    "状态": "低估"
  },
  "中证医疗": {
    "PB目前分位": 0.78,
    "PE目前分位": 15.5951,
    "基准价": 6229.8816,
    "状态": "低估"
  },
  "中证白酒": {
    "PB目前分位": 44.17,
    "PE目前分位": 28.5244,
    "基准价": 10653.936,
    "状态": "考虑卖出"
  },
  "中证红利": {
    "PB目前分位": 17.36,
    "PE目前分位": 29.8929,
    "基准价": 4717.3535999999995,
    "状态": "考虑卖出"
  },
  "光伏产业": {
    "PB目前分位": 27.62,
    "PE目前分位": 7.0529,
    "基准价": 2096.9280000000003,
    "状态": "低估"
  },
  "军工指数": {
    "PB目前分位": 42.86,
    "PE目前分位": 4.5357,
    "基准价": 1061.6544000000001,
    "状态": "低估"
  },
  "动漫游戏": {
    "PB目前分位": 51.75,
    "PE目前分位": 91.0704,
    "基准价": 1752.96,
    "状态": "考虑卖出"
  },
  "医疗器械": {
    "PB目前分位": 3.85,
    "PE目前分位": 29.1763,
    "基准价": 10296.912,
    "状态": "考虑卖出"
  },
  "半导体": {
    "PB目前分位": 46.73,
    "PE目前分位": 75.2117,
    "基准价": 5326.61,
    "状态": "考虑卖出"
  },
  "新能源车": {
    "PB目前分位": 35.85,
    "PE目前分位": 8.9844,
    "基准价": 1958.1888,
    "状态": "低估"
  },
  "沪深300": {
    "PB目前分位": 4.91,
    "PE目前分位": 25.6733,
    "基准价": 3516.08,
    "状态": "考虑卖出"
  },
  "煤炭指数": {
    "PB目前分位": 89.11,
    "PE目前分位": 46.6786,
    "基准价": 4951.67,
    "状态": "考虑卖出"
  },
  "科创50": {
    "PB目前分位": 3.72,
    "PE目前分位": 52.1445,
    "基准价": 807.71,
    "状态": "考虑卖出"
  },
  "绿色电力": {
    "PB目前分位": 80.54,
    "PE目前分位": 62.5,
    "基准价": 1857.2,
    "状态": "考虑卖出"
  },
  "证券公司": {
    "PB目前分位": 10.68,
    "PE目前分位": 48.2662,
    "基准价": 699.17,
    "状态": "考虑卖出"
  }
}