{
  "中证1000": {
    "PB目前分位": 1.77,
    "PE目前分位": 20.8135,
    "基准价": 4392.816000000001,
    "状态": "考虑卖出"
  },
  "中证中药": {
    "PB目前分位": 16.98,
    "PE目前分位": 21.0429,
    "基准价": 9269.472000000002,
    "状态": "考虑卖出"
  },
  "中证医疗": {
    "PB目前分位": 0.05,
    "PE目前分位": 8.6347,
    "基准价": 6229.8816,
    "状态": "低估"
  },
  "中证白酒": {
    "PB目前分位": 39.87,
    "PE目前分位": 22.776,
    "基准价": 10653.936,
    "状态": "考虑卖出"
  },
  "中证红利": {
    "PB目前分位": 22.21,
    "PE目前分位": 35.8638,
    "基准价": 4717.3535999999995,
    "状态": "考虑卖出"
  },
  "光伏产业": {
    "PB目前分位": 15.29,
    "PE目前分位": 3.4711,
    "基准价": 2096.9280000000003,
    "状态": "低估"
  },
  "军工指数": {
    "PB目前分位": 36.08,
    "PE目前分位": 4.044,
    "基准价": 1061.6544000000001,
    "状态": "低估"
  },
  "动漫游戏": {
    "PB目前分位": 29.86,
    "PE目前分位": 92.5906,
    "基准价": 1752.96,
    "状态": "考虑卖出"
  },
  "医疗器械": {
    "PB目前分位": 0.15,
    "PE目前分位": 21.2075,
    "基准价": 10296.912,
    "状态": "考虑卖出"
  },
  "半导体": {
    "PB目前分位": 35.23,
    "PE目前分位": 62.4761,
    "基准价": 5326.61,
    "状态": "考虑卖出"
  },
  "新能源车": {
    "PB目前分位": 34.09,
    "PE目前分位": 12.8282,
    "基准价": 1958.1888,
    "状态": "低估"
  },
  "沪深300": {
    "PB目前分位": 5.99,
    "PE目前分位": 30.6078,
    "基准价": 3516.08,
    "状态": "考虑卖出"
  },
  "煤炭指数": {
    "PB目前分位": 94.18,
    "PE目前分位": 57.006,
    "基准价": 4951.67,
    "状态": "考虑卖出"
  },
  "科创50": {
    "PB目前分位": 1.44,
    "PE目前分位": 34.1436,
    "基准价": 807.71,
    "状态": "考虑卖出"
  },
  "绿色电力": {
    "PB目前分位": 87.83,
    "PE目前分位": 66.4896,
    "基准价": 1989.17,
    "状态": "考虑卖出"
  },
  "证券公司": {
    "PB目前分位": 0.63,
    "PE目前分位": 39.7547,
    "基准价": 699.17,
    "状态": "考虑卖出"
  }
}