{
  "中证1000": {
    "PB目前分位": 5.36,
    "PE目前分位": 45.6494,
    "基准价": 4392.816000000001,
    "状态": "考虑卖出"
  },
  "中证中药": {
    "PB目前分位": 13.93,
    "PE目前分位": 23.1156,
    "基准价": 9269.472000000002,
    "状态": "考虑卖出"
  },
  "中证医疗": {
    "PB目前分位": 0.98,
    "PE目前分位": 16.7413,
    "基准价": 6229.8816,
    "状态": "低估"
  },
  "中证白酒": {
    "PB目前分位": 30.98,
    "PE目前分位": 19.8248,
    "基准价": 10653.936,
    "状态": "低估"
  },
  "中证红利": {
    "PB目前分位": 20.87,
    "PE目前分位": 38.754,
    "基准价": 4717.3535999999995,
    "状态": "考虑卖出"
  },
  "光伏产业": {
    "PB目前分位": 19.16,
    "PE目前分位": 21.0227,
    "基准价": 2096.9280000000003,
    "状态": "考虑卖出"
  },
  "军工指数": {
    "PB目前分位": 40.23,
    "PE目前分位": 3.9071,
    "基准价": 1061.6544000000001,
    "状态": "低估"
  },
  "动漫游戏": {
    "PB目前分位": 24.24,
    "PE目前分位": 54.2299,
    "基准价": 1752.96,
    "状态": "考虑卖出"
  },
  "医疗器械": {
    "PB目前分位": 1.48,
    "PE目前分位": 31.8302,
    "基准价": 10296.912,
    "状态": "考虑卖出"
  },
  "半导体": {
    "PB目前分位": 33.5,
    "PE目前分位": 61.9174,
    "基准价": 5326.61,
    "状态": "考虑卖出"
  },
  "新能源车": {
    "PB目前分位": 33.99,
    "PE目前分位": 32.2814,
    "基准价": 1958.1888,
    "状态": "考虑卖出"
  },
  "沪深300": {
    "PB目前分位": 4.48,
    "PE目前分位": 38.3208,
    "基准价": 3516.08,
    "状态": "考虑卖出"
  },
  "煤炭指数": {
    "PB目前分位": 90.64,
    "PE目前分位": 68.7434,
    "基准价": 4951.67,
    "状态": "考虑卖出"
  },
  "科创50": {
    "PB目前分位": 2.05,
    "PE目前分位": 43.7972,
    "基准价": 807.71,
    "状态": "考虑卖出"
  },
  "绿色电力": {
    "PB目前分位": 82.6,
    "PE目前分位": 56.0719,
    "基准价": 1989.17,
    "状态": "考虑卖出"
  },
  "证券公司": {
    "PB目前分位": 3.45,
    "PE目前分位": 59.2549,
    "基准价": 699.17,
    "状态": "考虑卖出"
  }
}