{
  "中证1000": {
    "PB目前分位": 1.37,
    "PE目前分位": 36.1502,
    "基准价": 4392.816000000001,
    "状态": "考虑卖出"
  },
  "中证中药": {
    "PB目前分位": 11.37,
    "PE目前分位": 21.4643,
    "基准价": 9269.472000000002,
    "状态": "考虑卖出"
  },
  "中证医疗": {
    "PB目前分位": 0.8,
    "PE目前分位": 12.9679,
    "基准价": 6229.8816,
    "状态": "低估"
  },
  "中证白酒": {
    "PB目前分位": 28.5,
    "PE目前分位": 15.1905,
    "基准价": 10653.936,
    "状态": "低估"
  },
  "中证红利": {
    "PB目前分位": 19.01,
    "PE目前分位": 35.8471,
    "基准价": 4717.3535999999995,
    "状态": "考虑卖出"
  },
  "光伏产业": {
    "PB目前分位": 8.29,
    "PE目前分位": 20.0483,
    "基准价": 2096.9280000000003,
    "状态": "考虑卖出"
  },
  "军工指数": {
    "PB目前分位": 42.86,
    "PE目前分位": 5.0859,
    "基准价": 1061.6544000000001,
    "状态": "低估"
  },
  "动漫游戏": {
    "PB目前分位": 13.92,
    "PE目前分位": 48.3819,
    "基准价": 1752.96,
    "状态": "考虑卖出"
  },
  "医疗器械": {
    "PB目前分位": 0.83,
    "PE目前分位": 28.4636,
    "基准价": 10296.912,
    "状态": "考虑卖出"
  },
  "半导体": {
    "PB目前分位": 38.51,
    "PE目前分位": 63.6467,
    "基准价": 5326.61,
    "状态": "考虑卖出"
  },
  "新能源车": {
    "PB目前分位": 34.65,
    "PE目前分位": 32.9087,
    "基准价": 1958.1888,
    "状态": "考虑卖出"
  },
  "沪深300": {
    "PB目前分位": 3.37,
    "PE目前分位": 34.7368,
    "基准价": 3516.08,
    "状态": "考虑卖出"
  },
  "煤炭指数": {
    "PB目前分位": 90.07,
    "PE目前分位": 68.0814,
    "基准价": 4951.67,
    "状态": "考虑卖出"
  },
  "科创50": {
    "PB目前分位": 3.2,
    "PE目前分位": 46.1046,
    "基准价": 807.71,
    "状态": "考虑卖出"
  },
  "绿色电力": {
    "PB目前分位": 88,
    "PE目前分位": 64.2951,
    "基准价": 1989.17,
    "状态": "考虑卖出"
  },
  "证券公司": {
    "PB目前分位": 0.39,
    "PE目前分位": 55.6641,
    "基准价": 699.17,
    "状态": "考虑卖出"
  }
}