{
  "中证1000": {
    "PB目前分位": 0.04,
    "PE目前分位": 15.1529,
    "基准价": 4800.7968,
    "状态": "低估"
  },
  "中证中药": {
    "PB目前分位": 6.39,
    "PE目前分位": 7.9508,
    "基准价": 10086.6048,
    "状态": "低估"
  },
  "中证医疗": {
    "PB目前分位": 0,
    "PE目前分位": 13.6237,
    "基准价": 6866.3328,
    "状态": "低估"
  },
  "中证白酒": {
    "PB目前分位": 33.44,
    "PE目前分位": 19.5891,
    "基准价": 10653.936,
    "状态": "低估"
  },
  "中证红利": {
    "PB目前分位": 7.27,
    "PE目前分位": 11.8264,
    "基准价": 4717.3535999999995,
    "状态": "低估"
  },
  "光伏产业": {
    "PB目前分位": 22.66,
    "PE目前分位": 1.6436,
    "基准价": 2330.6784,
    "状态": "低估"
  },
  "军工指数": {
    "PB目前分位": 26.26,
    "PE目前分位": 1.6998,
    "基准价": 1152.5567999999998,
    "状态": "低估"
  },
  "动漫游戏": {
    "PB目前分位": 24.94,
    "PE目前分位": 91.5158,
    "基准价": 1752.96,
    "状态": "考虑卖出"
  },
  "医疗器械": {
    "PB目前分位": 0,
    "PE目前分位": 24.3855,
    "基准价": 10296.912,
    "状态": "考虑卖出"
  },
  "半导体": {
    "PB目前分位": 37.53,
    "PE目前分位": 64.7288,
    "基准价": 5326.61,
    "状态": "考虑卖出"
  },
  "新能源车": {
    "PB目前分位": 24.99,
    "PE目前分位": 0.8374,
    "基准价": 2186.4384,
    "状态": "低估"
  },
  "煤炭指数": {
    "PB目前分位": 78.55,
    "PE目前分位": 24.774,
    "基准价": 3949.93,
    "状态": "考虑卖出"
  },
  "科创50": {
    "PB目前分位": 0,
    "PE目前分位": 8.1081,
    "基准价": 745.392,
    "状态": "低估"
  },
  "绿色电力": {
    "PB目前分位": 50.93,
    "PE目前分位": 43.4467,
    "基准价": 1857.2,
    "状态": "考虑卖出"
  },
  "证券公司": {
    "PB目前分位": 0.69,
    "PE目前分位": 29.9515,
    "基准价": 699.17,
    "状态": "考虑卖出"
  }
}