{
  "中证1000": {
    "PB目前分位": 0.21,
    "PE目前分位": 18.8879,
    "基准价": 4392.816000000001,
    "状态": "低估"
  },
  "中证中药": {
    "PB目前分位": 1.67,
    "PE目前分位": 6.4647,
    "基准价": 9269.472000000002,
    "状态": "低估"
  },
  "中证医疗": {
    "PB目前分位": 0,
    "PE目前分位": 7.3549,
    "基准价": 6229.8816,
    "状态": "低估"
  },
  "中证白酒": {
    "PB目前分位": 25,
    "PE目前分位": 9.7172,
    "基准价": 10653.936,
    "状态": "低估"
  },
  "中证红利": {
    "PB目前分位": 18.92,
    "PE目前分位": 35.7542,
    "基准价": 4717.3535999999995,
    "状态": "考虑卖出"
  },
  "光伏产业": {
    "PB目前分位": 0,
    "PE目前分位": 14.9801,
    "基准价": 2096.9280000000003,
    "状态": "低估"
  },
  "军工指数": {
    "PB目前分位": 33.31,
    "PE目前分位": 2.1299,
    "基准价": 1061.6544000000001,
    "状态": "低估"
  },
  "动漫游戏": {
    "PB目前分位": 2.57,
    "PE目前分位": 33.6369,
    "基准价": 1752.96,
    "状态": "考虑卖出"
  },
  "医疗器械": {
    "PB目前分位": 0.04,
    "PE目前分位": 22.8024,
    "基准价": 10296.912,
    "状态": "考虑卖出"
  },
  "半导体": {
    "PB目前分位": 35.91,
    "PE目前分位": 66.1533,
    "基准价": 5326.61,
    "状态": "考虑卖出"
  },
  "新能源车": {
    "PB目前分位": 25.72,
    "PE目前分位": 28.4206,
    "基准价": 1958.1888,
    "状态": "考虑卖出"
  },
  "沪深300": {
    "PB目前分位": 2.87,
    "PE目前分位": 28.1919,
    "基准价": 3516.08,
    "状态": "考虑卖出"
  },
  "煤炭指数": {
    "PB目前分位": 89.28,
    "PE目前分位": 67.1439,
    "基准价": 4951.67,
    "状态": "考虑卖出"
  },
  "科创50": {
    "PB目前分位": 0.53,
    "PE目前分位": 44.7368,
    "基准价": 807.71,
    "状态": "考虑卖出"
  },
  "绿色电力": {
    "PB目前分位": 86.72,
    "PE目前分位": 63.6719,
    "基准价": 2115.99,
    "状态": "考虑卖出"
  },
  "证券公司": {
    "PB目前分位": 0.27,
    "PE目前分位": 48.7369,
    "基准价": 699.17,
    "状态": "考虑卖出"
  }
}