{"中证中药": {"危险分位": 30.98056573, "机会分位": 28.9759855, "目前分位": 26.93974315, "基准价": 11410.3496}, "中证1000": {"危险分位": 41.77458744, "机会分位": 36.13753274, "目前分位": 35.88847818, "基准价": 6117.1552}, "动漫游戏": {"危险分位": 34.58430938, "机会分位": 29.72013802, "目前分位": 647.23212794, "基准价": 1846.4160000000002}, "科创50": {"危险分位": 53.305694055000004, "机会分位": 43.077688706, "目前分位": 40.99764231, "基准价": 918.3096}, "中证红利": {"危险分位": 7.7732372, "机会分位": 6.57020293, "目前分位": 5.83443835, "基准价": 4862.256}, "半导体": {"危险分位": 79.90140139, "机会分位": 62.47447418, "目前分位": 65.50718223, "基准价": 2987.948}, "煤炭指数": {"危险分位": 10.56527643, "机会分位": 9.38059637, "目前分位": 6.45601971, "基准价": 3731.0416}, "证券公司": {"危险分位": 22.18239219, "机会分位": 19.63082261, "目前分位": 21.39503393, "基准价": 701.24}, "绿色电力": {"危险分位": 18.37318087, "机会分位": 16.33032271, "目前分位": 21.78403313, "基准价": 1857.742}, "光伏产业": {"危险分位": 33.57407171, "机会分位": 30.190042076, "目前分位": 13.84391787, "基准价": 3288.0536}, "医疗器械": {"危险分位": 54.1438465, "机会分位": 37.53653784, "目前分位": 27.63256721, "基准价": 11679.044}, "军工指数": {"危险分位": 68.23220855, "机会分位": 58.11471606, "目前分位": 51.14804801, "基准价": 1480.0136}, "中证白酒": {"危险分位": 31.10966074, "机会分位": 27.48341393, "目前分位": 29.96207235, "基准价": 2794.94}, "中证医疗": {"危险分位": 56.02347217, "机会分位": 40.77299864, "目前分位": 30.05738112, "基准价": 7934.385}, "新能源车": {"危险分位": 45.50344913, "机会分位": 24.69517755, "目前分位": 19.88400613, "基准价": 2889.9728}}