{
  "中证1000": {
    "PB目前分位": 6,
    "PE目前分位": 44.0655,
    "基准价": 6170.65,
    "状态": "考虑卖出"
  },
  "中证中药": {
    "PB目前分位": 17.27,
    "PE目前分位": 15.1338,
    "基准价": 10086.6048,
    "状态": "低估"
  },
  "中证医疗": {
    "PB目前分位": 1.76,
    "PE目前分位": 20.3333,
    "基准价": 7551.3216,
    "状态": "考虑卖出"
  },
  "中证白酒": {
    "PB目前分位": 45.21,
    "PE目前分位": 27.9115,
    "基准价": 15361.32,
    "状态": "考虑卖出"
  },
  "中证红利": {
    "PB目前分位": 1.51,
    "PE目前分位": 11.1563,
    "基准价": 4717.3535999999995,
    "状态": "低估"
  },
  "光伏产业": {
    "PB目前分位": 25.14,
    "PE目前分位": 0.9107,
    "基准价": 2662.8192,
    "状态": "低估"
  },
  "军工指数": {
    "PB目前分位": 43.07,
    "PE目前分位": 3.4355,
    "基准价": 1252.1855999999998,
    "状态": "低估"
  },
  "动漫游戏": {
    "PB目前分位": 43.57,
    "PE目前分位": 91.1111,
    "基准价": 1752.96,
    "状态": "考虑卖出"
  },
  "医疗器械": {
    "PB目前分位": 2.83,
    "PE目前分位": 26.9062,
    "基准价": 10296.912,
    "状态": "考虑卖出"
  },
  "半导体": {
    "PB目前分位": 55.97,
    "PE目前分位": 70.8583,
    "基准价": 5326.61,
    "状态": "考虑卖出"
  },
  "新能源车": {
    "PB目前分位": 36.68,
    "PE目前分位": 9.8598,
    "基准价": 2414.3711999999996,
    "状态": "低估"
  },
  "煤炭指数": {
    "PB目前分位": 62.76,
    "PE目前分位": 13.2989,
    "基准价": 3949.93,
    "状态": "低估"
  },
  "科创50": {
    "PB目前分位": 2.02,
    "PE目前分位": 29.8865,
    "基准价": 845.952,
    "状态": "考虑卖出"
  },
  "绿色电力": {
    "PB目前分位": 58.73,
    "PE目前分位": 56.2646,
    "基准价": 1857.2,
    "状态": "考虑卖出"
  },
  "证券公司": {
    "PB目前分位": 12.58,
    "PE目前分位": 47.7649,
    "基准价": 699.17,
    "状态": "考虑卖出"
  }
}