{
  "中证1000": {
    "PB目前分位": 4.85,
    "PE目前分位": 24.2795,
    "基准价": 4392.816000000001,
    "状态": "考虑卖出"
  },
  "中证中药": {
    "PB目前分位": 17.15,
    "PE目前分位": 15.424,
    "基准价": 9269.472000000002,
    "状态": "低估"
  },
  "中证医疗": {
    "PB目前分位": 1,
    "PE目前分位": 15.8832,
    "基准价": 6229.8816,
    "状态": "低估"
  },
  "中证白酒": {
    "PB目前分位": 43.74,
    "PE目前分位": 28.0809,
    "基准价": 10653.936,
    "状态": "考虑卖出"
  },
  "中证红利": {
    "PB目前分位": 17.8,
    "PE目前分位": 30.1287,
    "基准价": 4717.3535999999995,
    "状态": "考虑卖出"
  },
  "光伏产业": {
    "PB目前分位": 27.25,
    "PE目前分位": 6.8966,
    "基准价": 2096.9280000000003,
    "状态": "低估"
  },
  "军工指数": {
    "PB目前分位": 41.28,
    "PE目前分位": 4.2173,
    "基准价": 1061.6544000000001,
    "状态": "低估"
  },
  "动漫游戏": {
    "PB目前分位": 49.47,
    "PE目前分位": 90.7274,
    "基准价": 1752.96,
    "状态": "考虑卖出"
  },
  "医疗器械": {
    "PB目前分位": 3.66,
    "PE目前分位": 29.3914,
    "基准价": 10296.912,
    "状态": "考虑卖出"
  },
  "半导体": {
    "PB目前分位": 45.65,
    "PE目前分位": 72.9584,
    "基准价": 5326.61,
    "状态": "考虑卖出"
  },
  "新能源车": {
    "PB目前分位": 35.62,
    "PE目前分位": 8.2971,
    "基准价": 1958.1888,
    "状态": "低估"
  },
  "沪深300": {
    "PB目前分位": 4.78,
    "PE目前分位": 25.2499,
    "基准价": 3516.08,
    "状态": "考虑卖出"
  },
  "煤炭指数": {
    "PB目前分位": 89.39,
    "PE目前分位": 46.8192,
    "基准价": 4951.67,
    "状态": "考虑卖出"
  },
  "科创50": {
    "PB目前分位": 3.62,
    "PE目前分位": 52.0362,
    "基准价": 807.71,
    "状态": "考虑卖出"
  },
  "绿色电力": {
    "PB目前分位": 81.28,
    "PE目前分位": 62.958,
    "基准价": 1857.2,
    "状态": "考虑卖出"
  },
  "证券公司": {
    "PB目前分位": 9.89,
    "PE目前分位": 47.2278,
    "基准价": 699.17,
    "状态": "考虑卖出"
  }
}