{"光伏产业": {"危险分位": 33.591759010000004, "机会分位": 30.248374232, "基准价": 3009.264}, "半导体": {"危险分位": 80.23520984, "机会分位": 62.21070222, "基准价": 2987.518}, "军工指数": {"危险分位": 68.31317311, "机会分位": 58.44761524, "基准价": 1494.1784}, "中证医疗": {"危险分位": 56.28894744, "机会分位": 40.65946507, "基准价": 7933.768999999999}, "动漫游戏": {"危险分位": 34.78849922, "机会分位": 29.73741727, "基准价": 1653.2649999999999}, "新能源车": {"危险分位": 45.16373273, "机会分位": 24.93653686, "基准价": 2924.5216}, "绿色电力": {"危险分位": 18.38415133, "机会分位": 16.34904219, "基准价": 1858.232}, "中证红利": {"危险分位": 7.76834618, "机会分位": 6.5326629, "基准价": 5266.508}, "中证1000": {"危险分位": 41.55890711, "机会分位": 36.13753274, "基准价": 6229.3296}, "证券公司": {"危险分位": 22.27781328, "机会分位": 19.50401153, "基准价": 701.229}, "医疗器械": {"危险分位": 53.92361115, "机会分位": 37.74904979, "基准价": 10563.887999999999}, "科创50": {"危险分位": 53.56461666, "机会分位": 43.093909142, "基准价": 850.6175999999999}, "煤炭指数": {"危险分位": 10.55893524, "机会分位": 9.38223254, "基准价": 3761.6072}, "中证中药": {"危险分位": 30.97123191, "机会分位": 29.00805981, "基准价": 11475.474400000001}, "中证白酒": {"危险分位": 31.06898789, "机会分位": 27.62481227, "基准价": 2794.508}}