{
  "中证1000": {
    "PB目前分位": 2.64,
    "PE目前分位": 21.1097,
    "基准价": 4392.816000000001,
    "状态": "考虑卖出"
  },
  "中证中药": {
    "PB目前分位": 12.85,
    "PE目前分位": 15.1179,
    "基准价": 9269.472000000002,
    "状态": "低估"
  },
  "中证医疗": {
    "PB目前分位": 0,
    "PE目前分位": 8.8768,
    "基准价": 6229.8816,
    "状态": "低估"
  },
  "中证白酒": {
    "PB目前分位": 38.68,
    "PE目前分位": 21.9785,
    "基准价": 10653.936,
    "状态": "考虑卖出"
  },
  "中证红利": {
    "PB目前分位": 20,
    "PE目前分位": 32.2558,
    "基准价": 4717.3535999999995,
    "状态": "考虑卖出"
  },
  "光伏产业": {
    "PB目前分位": 18.66,
    "PE目前分位": 4.3947,
    "基准价": 2096.9280000000003,
    "状态": "低估"
  },
  "军工指数": {
    "PB目前分位": 33.18,
    "PE目前分位": 3.1261,
    "基准价": 1061.6544000000001,
    "状态": "低估"
  },
  "动漫游戏": {
    "PB目前分位": 35.92,
    "PE目前分位": 92.5193,
    "基准价": 1752.96,
    "状态": "考虑卖出"
  },
  "医疗器械": {
    "PB目前分位": 0.15,
    "PE目前分位": 22.4263,
    "基准价": 10296.912,
    "状态": "考虑卖出"
  },
  "半导体": {
    "PB目前分位": 32.26,
    "PE目前分位": 62.61,
    "基准价": 5326.61,
    "状态": "考虑卖出"
  },
  "新能源车": {
    "PB目前分位": 35.23,
    "PE目前分位": 12.8072,
    "基准价": 1958.1888,
    "状态": "低估"
  },
  "沪深300": {
    "PB目前分位": 3.66,
    "PE目前分位": 24.5508,
    "基准价": 3516.08,
    "状态": "考虑卖出"
  },
  "煤炭指数": {
    "PB目前分位": 91.87,
    "PE目前分位": 51.3321,
    "基准价": 4951.67,
    "状态": "考虑卖出"
  },
  "科创50": {
    "PB目前分位": 0.67,
    "PE目前分位": 29.4118,
    "基准价": 807.71,
    "状态": "考虑卖出"
  },
  "绿色电力": {
    "PB目前分位": 87.18,
    "PE目前分位": 67.184,
    "基准价": 1989.17,
    "状态": "考虑卖出"
  },
  "证券公司": {
    "PB目前分位": 0.36,
    "PE目前分位": 39.065,
    "基准价": 699.17,
    "状态": "考虑卖出"
  }
}