{"中证白酒": {"危险分位": 31.0275355, "机会分位": 27.69169426, "基准价": 2793.876}, "医疗器械": {"危险分位": 54.26799901, "机会分位": 38.03358831, "基准价": 10956.6432}, "新能源车": {"危险分位": 45.16373273, "机会分位": 24.88068887, "基准价": 2861.3376}, "中证红利": {"危险分位": 7.77017845, "机会分位": 6.56341477, "基准价": 4865.020799999999}, "中证1000": {"危险分位": 41.77962406, "机会分位": 36.16870243, "基准价": 5954.1503999999995}, "证券公司": {"危险分位": 22.31269038, "机会分位": 19.50401153, "基准价": 783.9416}, "动漫游戏": {"危险分位": 34.30253787, "机会分位": 29.58979491, "基准价": 1834.1127999999999}, "半导体": {"危险分位": 80.48053282, "机会分位": 62.53682654, "基准价": 2981.842}, "科创50": {"危险分位": 53.509986995, "机会分位": 43.111458855, "基准价": 873.9648}, "煤炭指数": {"危险分位": 10.60587989, "机会分位": 9.39973499, "基准价": 3792.9424}, "军工指数": {"危险分位": 68.03443708, "机会分位": 58.31527784, "基准价": 1392.3744000000002}, "中证中药": {"危险分位": 31.03728703, "机会分位": 28.99326811, "基准价": 10585.9104}, "光伏产业": {"危险分位": 33.591759010000004, "机会分位": 30.248374232, "基准价": 3147.0528}, "绿色电力": {"危险分位": 18.38415133, "机会分位": 16.38177015, "基准价": 1858.046}, "中证医疗": {"危险分位": 56.28894744, "机会分位": 40.69845879, "基准价": 7932.79}}