{"中证中药": {"危险分位": 30.96109428, "机会分位": 28.93205358, "目前分位": 26.99977723, "基准价": 11410.3496}, "中证1000": {"危险分位": 41.77458744, "机会分位": 36.13753274, "目前分位": 35.88847818, "基准价": 6117.1552}, "动漫游戏": {"危险分位": 34.64968523, "机会分位": 29.53995939, "目前分位": 1082.8154045, "基准价": 1846.4160000000002}, "科创50": {"危险分位": 52.957605130000005, "机会分位": 43.080639872, "目前分位": 41.06928252, "基准价": 918.3096}, "中证红利": {"危险分位": 7.76082196, "机会分位": 6.57020293, "目前分位": 5.86948595, "基准价": 5319.912}, "半导体": {"危险分位": 79.90140139, "机会分位": 62.47447418, "目前分位": 65.50718223, "基准价": 2987.948}, "煤炭指数": {"危险分位": 10.55702071, "机会分位": 9.37297492, "目前分位": 6.90809083, "基准价": 3731.0416}, "证券公司": {"危险分位": 22.18239219, "机会分位": 19.63082261, "目前分位": 21.39503393, "基准价": 701.24}, "绿色电力": {"危险分位": 18.38074529, "机会分位": 16.33580277, "目前分位": 22.3705078, "基准价": 1857.742}, "光伏产业": {"危险分位": 33.51350292, "机会分位": 30.190042076, "目前分位": 13.50143744, "基准价": 3288.0536}, "医疗器械": {"危险分位": 54.27231765, "机会分位": 37.81248054, "目前分位": 29.76713146, "基准价": 11679.044}, "军工指数": {"危险分位": 67.95702477, "机会分位": 58.31785778, "目前分位": 49.74822725, "基准价": 1480.0136}, "中证白酒": {"危险分位": 31.10966074, "机会分位": 27.48341393, "目前分位": 29.96207235, "基准价": 2794.94}, "中证医疗": {"危险分位": 56.62552685, "机会分位": 40.91031056, "目前分位": 30.56134974, "基准价": 7934.385}, "新能源车": {"危险分位": 45.19227952, "机会分位": 24.83541295, "目前分位": 20.74534319, "基准价": 2889.9728}}