{
  "中证1000": {
    "PB目前分位": 1.36,
    "PE目前分位": 35.3643,
    "基准价": 4392.816000000001,
    "状态": "考虑卖出"
  },
  "中证中药": {
    "PB目前分位": 9.94,
    "PE目前分位": 20.3359,
    "基准价": 9269.472000000002,
    "状态": "考虑卖出"
  },
  "中证医疗": {
    "PB目前分位": 0.58,
    "PE目前分位": 12.0107,
    "基准价": 6229.8816,
    "状态": "低估"
  },
  "中证白酒": {
    "PB目前分位": 26.84,
    "PE目前分位": 12.918,
    "基准价": 10653.936,
    "状态": "低估"
  },
  "中证红利": {
    "PB目前分位": 18.67,
    "PE目前分位": 35.5517,
    "基准价": 4717.3535999999995,
    "状态": "考虑卖出"
  },
  "光伏产业": {
    "PB目前分位": 3.29,
    "PE目前分位": 19.6629,
    "基准价": 2096.9280000000003,
    "状态": "低估"
  },
  "军工指数": {
    "PB目前分位": 42.87,
    "PE目前分位": 5.0788,
    "基准价": 1061.6544000000001,
    "状态": "低估"
  },
  "动漫游戏": {
    "PB目前分位": 14.59,
    "PE目前分位": 49.3541,
    "基准价": 1752.96,
    "状态": "考虑卖出"
  },
  "医疗器械": {
    "PB目前分位": 0.49,
    "PE目前分位": 26.536,
    "基准价": 10296.912,
    "状态": "考虑卖出"
  },
  "半导体": {
    "PB目前分位": 42.74,
    "PE目前分位": 65.9254,
    "基准价": 5326.61,
    "状态": "考虑卖出"
  },
  "新能源车": {
    "PB目前分位": 29.29,
    "PE目前分位": 30.479,
    "基准价": 1958.1888,
    "状态": "考虑卖出"
  },
  "沪深300": {
    "PB目前分位": 2.98,
    "PE目前分位": 32.5177,
    "基准价": 3516.08,
    "状态": "考虑卖出"
  },
  "煤炭指数": {
    "PB目前分位": 93.49,
    "PE目前分位": 71.0683,
    "基准价": 4951.67,
    "状态": "考虑卖出"
  },
  "科创50": {
    "PB目前分位": 3.72,
    "PE目前分位": 47.2901,
    "基准价": 807.71,
    "状态": "考虑卖出"
  },
  "绿色电力": {
    "PB目前分位": 89.46,
    "PE目前分位": 65.5338,
    "基准价": 2115.99,
    "状态": "考虑卖出"
  },
  "证券公司": {
    "PB目前分位": 0.35,
    "PE目前分位": 53.8612,
    "基准价": 699.17,
    "状态": "考虑卖出"
  }
}