{
  "中证1000": {
    "PB目前分位": 4.56,
    "PE目前分位": 22.5022,
    "基准价": 4392.816000000001,
    "状态": "考虑卖出"
  },
  "中证中药": {
    "PB目前分位": 13.25,
    "PE目前分位": 16.0334,
    "基准价": 9269.472000000002,
    "状态": "低估"
  },
  "中证医疗": {
    "PB目前分位": 0.27,
    "PE目前分位": 12.1652,
    "基准价": 6229.8816,
    "状态": "低估"
  },
  "中证白酒": {
    "PB目前分位": 44.11,
    "PE目前分位": 28.6717,
    "基准价": 10653.936,
    "状态": "考虑卖出"
  },
  "中证红利": {
    "PB目前分位": 19.07,
    "PE目前分位": 31.8505,
    "基准价": 4717.3535999999995,
    "状态": "考虑卖出"
  },
  "光伏产业": {
    "PB目前分位": 24.81,
    "PE目前分位": 6.1615,
    "基准价": 2096.9280000000003,
    "状态": "低估"
  },
  "军工指数": {
    "PB目前分位": 38.93,
    "PE目前分位": 4.1281,
    "基准价": 1061.6544000000001,
    "状态": "低估"
  },
  "动漫游戏": {
    "PB目前分位": 45.34,
    "PE目前分位": 92.7744,
    "基准价": 1752.96,
    "状态": "考虑卖出"
  },
  "医疗器械": {
    "PB目前分位": 0.54,
    "PE目前分位": 25.4601,
    "基准价": 10296.912,
    "状态": "考虑卖出"
  },
  "半导体": {
    "PB目前分位": 41.37,
    "PE目前分位": 67.3696,
    "基准价": 5326.61,
    "状态": "考虑卖出"
  },
  "新能源车": {
    "PB目前分位": 36.17,
    "PE目前分位": 14.0882,
    "基准价": 1958.1888,
    "状态": "低估"
  },
  "沪深300": {
    "PB目前分位": 4.64,
    "PE目前分位": 28.8036,
    "基准价": 3516.08,
    "状态": "考虑卖出"
  },
  "煤炭指数": {
    "PB目前分位": 88.43,
    "PE目前分位": 46.6904,
    "基准价": 4951.67,
    "状态": "考虑卖出"
  },
  "科创50": {
    "PB目前分位": 1.45,
    "PE目前分位": 43.5268,
    "基准价": 807.71,
    "状态": "考虑卖出"
  },
  "绿色电力": {
    "PB目前分位": 84.4,
    "PE目前分位": 64.4889,
    "基准价": 1857.2,
    "状态": "考虑卖出"
  },
  "证券公司": {
    "PB目前分位": 3.57,
    "PE目前分位": 49.7817,
    "基准价": 699.17,
    "状态": "考虑卖出"
  }
}