{
  "中证1000": {
    "PB目前分位": 1.41,
    "PE目前分位": 20.8352,
    "基准价": 4392.816000000001,
    "状态": "考虑卖出"
  },
  "中证中药": {
    "PB目前分位": 12.25,
    "PE目前分位": 9.6199,
    "基准价": 9269.472000000002,
    "状态": "低估"
  },
  "中证医疗": {
    "PB目前分位": 0.51,
    "PE目前分位": 13.9246,
    "基准价": 6229.8816,
    "状态": "低估"
  },
  "中证白酒": {
    "PB目前分位": 40.55,
    "PE目前分位": 25.5803,
    "基准价": 10653.936,
    "状态": "考虑卖出"
  },
  "中证红利": {
    "PB目前分位": 20.48,
    "PE目前分位": 31.4768,
    "基准价": 4717.3535999999995,
    "状态": "考虑卖出"
  },
  "光伏产业": {
    "PB目前分位": 19.42,
    "PE目前分位": 1.8739,
    "基准价": 2096.9280000000003,
    "状态": "低估"
  },
  "军工指数": {
    "PB目前分位": 35.25,
    "PE目前分位": 3.3777,
    "基准价": 1061.6544000000001,
    "状态": "低估"
  },
  "动漫游戏": {
    "PB目前分位": 40.48,
    "PE目前分位": 90.7615,
    "基准价": 1752.96,
    "状态": "考虑卖出"
  },
  "医疗器械": {
    "PB目前分位": 1.43,
    "PE目前分位": 27.5862,
    "基准价": 10296.912,
    "状态": "考虑卖出"
  },
  "半导体": {
    "PB目前分位": 40.26,
    "PE目前分位": 69.2367,
    "基准价": 5326.61,
    "状态": "考虑卖出"
  },
  "新能源车": {
    "PB目前分位": 25.62,
    "PE目前分位": 1.8365,
    "基准价": 1958.1888,
    "状态": "低估"
  },
  "煤炭指数": {
    "PB目前分位": 94.25,
    "PE目前分位": 55.0485,
    "基准价": 4951.67,
    "状态": "考虑卖出"
  },
  "科创50": {
    "PB目前分位": 2.19,
    "PE目前分位": 24.3959,
    "基准价": 669.792,
    "状态": "考虑卖出"
  },
  "绿色电力": {
    "PB目前分位": 81.29,
    "PE目前分位": 62.798,
    "基准价": 1857.2,
    "状态": "考虑卖出"
  },
  "证券公司": {
    "PB目前分位": 10.96,
    "PE目前分位": 48.3146,
    "基准价": 699.17,
    "状态": "考虑卖出"
  }
}