{
  "中证1000": {
    "PB目前分位": 4.3,
    "PE目前分位": 21.9713,
    "基准价": 4392.816000000001,
    "状态": "考虑卖出"
  },
  "中证中药": {
    "PB目前分位": 13.99,
    "PE目前分位": 16.6744,
    "基准价": 9269.472000000002,
    "状态": "低估"
  },
  "中证医疗": {
    "PB目前分位": 0.14,
    "PE目前分位": 11.2069,
    "基准价": 6229.8816,
    "状态": "低估"
  },
  "中证白酒": {
    "PB目前分位": 44.51,
    "PE目前分位": 26.8817,
    "基准价": 10653.936,
    "状态": "考虑卖出"
  },
  "中证红利": {
    "PB目前分位": 19.67,
    "PE目前分位": 32.1238,
    "基准价": 4717.3535999999995,
    "状态": "考虑卖出"
  },
  "光伏产业": {
    "PB目前分位": 24.04,
    "PE目前分位": 5.4077,
    "基准价": 2096.9280000000003,
    "状态": "低估"
  },
  "军工指数": {
    "PB目前分位": 37.35,
    "PE目前分位": 3.8065,
    "基准价": 1061.6544000000001,
    "状态": "低估"
  },
  "动漫游戏": {
    "PB目前分位": 39.8,
    "PE目前分位": 92.6681,
    "基准价": 1752.96,
    "状态": "考虑卖出"
  },
  "医疗器械": {
    "PB目前分位": 0.38,
    "PE目前分位": 24.8754,
    "基准价": 10296.912,
    "状态": "考虑卖出"
  },
  "半导体": {
    "PB目前分位": 40.28,
    "PE目前分位": 66.5006,
    "基准价": 5326.61,
    "状态": "考虑卖出"
  },
  "新能源车": {
    "PB目前分位": 35.72,
    "PE目前分位": 13.0022,
    "基准价": 1958.1888,
    "状态": "低估"
  },
  "沪深300": {
    "PB目前分位": 4.53,
    "PE目前分位": 28.1907,
    "基准价": 3516.08,
    "状态": "考虑卖出"
  },
  "煤炭指数": {
    "PB目前分位": 90.64,
    "PE目前分位": 49.0217,
    "基准价": 4951.67,
    "状态": "考虑卖出"
  },
  "科创50": {
    "PB目前分位": 0.89,
    "PE目前分位": 38.2386,
    "基准价": 807.71,
    "状态": "考虑卖出"
  },
  "绿色电力": {
    "PB目前分位": 83.61,
    "PE目前分位": 64.016,
    "基准价": 1989.17,
    "状态": "卖出"
  },
  "证券公司": {
    "PB目前分位": 2.74,
    "PE目前分位": 48.2937,
    "基准价": 699.17,
    "状态": "考虑卖出"
  }
}