{
  "中证1000": {
    "PB目前分位": 2.28,
    "PE目前分位": 21.7201,
    "基准价": 4392.816000000001,
    "状态": "考虑卖出"
  },
  "中证中药": {
    "PB目前分位": 13.68,
    "PE目前分位": 11.9438,
    "基准价": 9269.472000000002,
    "状态": "低估"
  },
  "中证医疗": {
    "PB目前分位": 0.92,
    "PE目前分位": 16.0092,
    "基准价": 6229.8816,
    "状态": "低估"
  },
  "中证白酒": {
    "PB目前分位": 40.09,
    "PE目前分位": 25.4374,
    "基准价": 10653.936,
    "状态": "考虑卖出"
  },
  "中证红利": {
    "PB目前分位": 19.48,
    "PE目前分位": 31.0728,
    "基准价": 4717.3535999999995,
    "状态": "考虑卖出"
  },
  "光伏产业": {
    "PB目前分位": 22.58,
    "PE目前分位": 4.6689,
    "基准价": 2096.9280000000003,
    "状态": "低估"
  },
  "军工指数": {
    "PB目前分位": 39.79,
    "PE目前分位": 3.911,
    "基准价": 1061.6544000000001,
    "状态": "低估"
  },
  "动漫游戏": {
    "PB目前分位": 47.77,
    "PE目前分位": 90.7821,
    "基准价": 1752.96,
    "状态": "考虑卖出"
  },
  "医疗器械": {
    "PB目前分位": 2.51,
    "PE目前分位": 28.588,
    "基准价": 10296.912,
    "状态": "考虑卖出"
  },
  "半导体": {
    "PB目前分位": 45.57,
    "PE目前分位": 73.0368,
    "基准价": 5326.61,
    "状态": "考虑卖出"
  },
  "新能源车": {
    "PB目前分位": 30.82,
    "PE目前分位": 6.0672,
    "基准价": 1958.1888,
    "状态": "低估"
  },
  "沪深300": {
    "PB目前分位": 4.07,
    "PE目前分位": 23.6768,
    "基准价": 3516.08,
    "状态": "考虑卖出"
  },
  "煤炭指数": {
    "PB目前分位": 92.47,
    "PE目前分位": 50.1615,
    "基准价": 4951.67,
    "状态": "考虑卖出"
  },
  "科创50": {
    "PB目前分位": 3.78,
    "PE目前分位": 53.9519,
    "基准价": 807.71,
    "状态": "卖出"
  },
  "绿色电力": {
    "PB目前分位": 78.67,
    "PE目前分位": 60.7095,
    "基准价": 1857.2,
    "状态": "考虑卖出"
  },
  "证券公司": {
    "PB目前分位": 12.9,
    "PE目前分位": 50.8413,
    "基准价": 699.17,
    "状态": "考虑卖出"
  }
}