{
  "中证1000": {
    "PB目前分位": 6.02,
    "PE目前分位": 47.031,
    "基准价": 4392.816000000001,
    "状态": "考虑卖出"
  },
  "中证中药": {
    "PB目前分位": 19.54,
    "PE目前分位": 27.2477,
    "基准价": 9269.472000000002,
    "状态": "考虑卖出"
  },
  "中证医疗": {
    "PB目前分位": 1.35,
    "PE目前分位": 18.8764,
    "基准价": 6229.8816,
    "状态": "低估"
  },
  "中证白酒": {
    "PB目前分位": 32.55,
    "PE目前分位": 22.3611,
    "基准价": 10653.936,
    "状态": "考虑卖出"
  },
  "中证红利": {
    "PB目前分位": 17.76,
    "PE目前分位": 34.5692,
    "基准价": 4717.3535999999995,
    "状态": "考虑卖出"
  },
  "光伏产业": {
    "PB目前分位": 16.11,
    "PE目前分位": 20.3598,
    "基准价": 2096.9280000000003,
    "状态": "考虑卖出"
  },
  "军工指数": {
    "PB目前分位": 44.49,
    "PE目前分位": 5.0141,
    "基准价": 1061.6544000000001,
    "状态": "低估"
  },
  "动漫游戏": {
    "PB目前分位": 31.93,
    "PE目前分位": 56.8937,
    "基准价": 1752.96,
    "状态": "考虑卖出"
  },
  "医疗器械": {
    "PB目前分位": 3.57,
    "PE目前分位": 34.0684,
    "基准价": 10296.912,
    "状态": "考虑卖出"
  },
  "半导体": {
    "PB目前分位": 39.7,
    "PE目前分位": 62.3194,
    "基准价": 5326.61,
    "状态": "考虑卖出"
  },
  "新能源车": {
    "PB目前分位": 36.56,
    "PE目前分位": 34.7175,
    "基准价": 1958.1888,
    "状态": "考虑卖出"
  },
  "沪深300": {
    "PB目前分位": 3.93,
    "PE目前分位": 37.1441,
    "基准价": 3516.08,
    "状态": "考虑卖出"
  },
  "煤炭指数": {
    "PB目前分位": 88.45,
    "PE目前分位": 66.3842,
    "基准价": 4951.67,
    "状态": "考虑卖出"
  },
  "科创50": {
    "PB目前分位": 3.59,
    "PE目前分位": 48.4749,
    "基准价": 807.71,
    "状态": "考虑卖出"
  },
  "绿色电力": {
    "PB目前分位": 78.92,
    "PE目前分位": 51.8926,
    "基准价": 1989.17,
    "状态": "考虑卖出"
  },
  "证券公司": {
    "PB目前分位": 3.78,
    "PE目前分位": 59.6616,
    "基准价": 699.17,
    "状态": "考虑卖出"
  }
}