{
  "中证1000": {
    "PB目前分位": 1.45,
    "PE目前分位": 24.4151,
    "基准价": 4392.816000000001,
    "状态": "考虑卖出"
  },
  "中证中药": {
    "PB目前分位": 7.75,
    "PE目前分位": 13.9103,
    "基准价": 9269.472000000002,
    "状态": "低估"
  },
  "中证医疗": {
    "PB目前分位": 0.09,
    "PE目前分位": 8.3925,
    "基准价": 6229.8816,
    "状态": "低估"
  },
  "中证白酒": {
    "PB目前分位": 26.11,
    "PE目前分位": 11.7513,
    "基准价": 10653.936,
    "状态": "低估"
  },
  "中证红利": {
    "PB目前分位": 17.14,
    "PE目前分位": 33.788,
    "基准价": 4717.3535999999995,
    "状态": "考虑卖出"
  },
  "光伏产业": {
    "PB目前分位": 3.68,
    "PE目前分位": 19.6,
    "基准价": 2096.9280000000003,
    "状态": "低估"
  },
  "军工指数": {
    "PB目前分位": 42.43,
    "PE目前分位": 4.1623,
    "基准价": 1061.6544000000001,
    "状态": "低估"
  },
  "动漫游戏": {
    "PB目前分位": 13.1,
    "PE目前分位": 47.1536,
    "基准价": 1752.96,
    "状态": "考虑卖出"
  },
  "医疗器械": {
    "PB目前分位": 0.41,
    "PE目前分位": 25.4799,
    "基准价": 10296.912,
    "状态": "考虑卖出"
  },
  "半导体": {
    "PB目前分位": 44.11,
    "PE目前分位": 71.2458,
    "基准价": 5326.61,
    "状态": "考虑卖出"
  },
  "新能源车": {
    "PB目前分位": 34.02,
    "PE目前分位": 32.0779,
    "基准价": 1958.1888,
    "状态": "考虑卖出"
  },
  "沪深300": {
    "PB目前分位": 3.47,
    "PE目前分位": 31.1388,
    "基准价": 3516.08,
    "状态": "考虑卖出"
  },
  "煤炭指数": {
    "PB目前分位": 90.49,
    "PE目前分位": 68.7303,
    "基准价": 4951.67,
    "状态": "考虑卖出"
  },
  "科创50": {
    "PB目前分位": 5.61,
    "PE目前分位": 55.4497,
    "基准价": 807.71,
    "状态": "考虑卖出"
  },
  "绿色电力": {
    "PB目前分位": 86.65,
    "PE目前分位": 63.4189,
    "基准价": 2115.99,
    "状态": "考虑卖出"
  },
  "证券公司": {
    "PB目前分位": 1.4,
    "PE目前分位": 55.296,
    "基准价": 699.17,
    "状态": "考虑卖出"
  }
}