{
  "中证1000": {
    "PB目前分位": 4.11,
    "PE目前分位": 23.2416,
    "基准价": 4392.816000000001,
    "状态": "考虑卖出"
  },
  "中证中药": {
    "PB目前分位": 16.92,
    "PE目前分位": 15.1981,
    "基准价": 9269.472000000002,
    "状态": "低估"
  },
  "中证医疗": {
    "PB目前分位": 1.19,
    "PE目前分位": 16.347,
    "基准价": 6229.8816,
    "状态": "低估"
  },
  "中证白酒": {
    "PB目前分位": 43.25,
    "PE目前分位": 27.8118,
    "基准价": 10653.936,
    "状态": "考虑卖出"
  },
  "中证红利": {
    "PB目前分位": 17.8,
    "PE目前分位": 30.1394,
    "基准价": 4717.3535999999995,
    "状态": "考虑卖出"
  },
  "光伏产业": {
    "PB目前分位": 27.78,
    "PE目前分位": 7.2391,
    "基准价": 2096.9280000000003,
    "状态": "低估"
  },
  "军工指数": {
    "PB目前分位": 40.69,
    "PE目前分位": 4.1473,
    "基准价": 1061.6544000000001,
    "状态": "低估"
  },
  "动漫游戏": {
    "PB目前分位": 48.78,
    "PE目前分位": 90.6667,
    "基准价": 1752.96,
    "状态": "考虑卖出"
  },
  "医疗器械": {
    "PB目前分位": 3.62,
    "PE目前分位": 29.3642,
    "基准价": 10296.912,
    "状态": "考虑卖出"
  },
  "半导体": {
    "PB目前分位": 45.32,
    "PE目前分位": 72.5241,
    "基准价": 5326.61,
    "状态": "考虑卖出"
  },
  "新能源车": {
    "PB目前分位": 35.77,
    "PE目前分位": 8.3442,
    "基准价": 1958.1888,
    "状态": "低估"
  },
  "沪深300": {
    "PB目前分位": 4.69,
    "PE目前分位": 24.9076,
    "基准价": 3516.08,
    "状态": "考虑卖出"
  },
  "煤炭指数": {
    "PB目前分位": 90.45,
    "PE目前分位": 47.5867,
    "基准价": 4951.67,
    "状态": "考虑卖出"
  },
  "科创50": {
    "PB目前分位": 3.4,
    "PE目前分位": 51.4156,
    "基准价": 807.71,
    "状态": "考虑卖出"
  },
  "绿色电力": {
    "PB目前分位": 80.46,
    "PE目前分位": 62.1368,
    "基准价": 1857.2,
    "状态": "考虑卖出"
  },
  "证券公司": {
    "PB目前分位": 8.34,
    "PE目前分位": 46.0894,
    "基准价": 699.17,
    "状态": "考虑卖出"
  }
}