{
  "中证1000": {
    "PB目前分位": 0.81,
    "PE目前分位": 23.0442,
    "基准价": 4392.816000000001,
    "状态": "考虑卖出"
  },
  "中证中药": {
    "PB目前分位": 5.57,
    "PE目前分位": 10.8696,
    "基准价": 9269.472000000002,
    "状态": "低估"
  },
  "中证医疗": {
    "PB目前分位": 0,
    "PE目前分位": 8.2557,
    "基准价": 6229.8816,
    "状态": "低估"
  },
  "中证白酒": {
    "PB目前分位": 25.82,
    "PE目前分位": 10.8775,
    "基准价": 10653.936,
    "状态": "低估"
  },
  "中证红利": {
    "PB目前分位": 18.15,
    "PE目前分位": 34.8601,
    "基准价": 4717.3535999999995,
    "状态": "考虑卖出"
  },
  "光伏产业": {
    "PB目前分位": 2.16,
    "PE目前分位": 19.1047,
    "基准价": 2096.9280000000003,
    "状态": "低估"
  },
  "军工指数": {
    "PB目前分位": 40.35,
    "PE目前分位": 3.2867,
    "基准价": 1061.6544000000001,
    "状态": "低估"
  },
  "动漫游戏": {
    "PB目前分位": 11,
    "PE目前分位": 44.5518,
    "基准价": 1752.96,
    "状态": "考虑卖出"
  },
  "医疗器械": {
    "PB目前分位": 0.3,
    "PE目前分位": 24.9059,
    "基准价": 10296.912,
    "状态": "考虑卖出"
  },
  "半导体": {
    "PB目前分位": 43.98,
    "PE目前分位": 71.1813,
    "基准价": 5326.61,
    "状态": "考虑卖出"
  },
  "新能源车": {
    "PB目前分位": 31.85,
    "PE目前分位": 31.3452,
    "基准价": 1958.1888,
    "状态": "考虑卖出"
  },
  "沪深300": {
    "PB目前分位": 3.47,
    "PE目前分位": 31.1321,
    "基准价": 3516.08,
    "状态": "考虑卖出"
  },
  "煤炭指数": {
    "PB目前分位": 90,
    "PE目前分位": 68.2867,
    "基准价": 4951.67,
    "状态": "考虑卖出"
  },
  "科创50": {
    "PB目前分位": 5.07,
    "PE目前分位": 54.4397,
    "基准价": 807.71,
    "状态": "考虑卖出"
  },
  "绿色电力": {
    "PB目前分位": 86.26,
    "PE目前分位": 63.0435,
    "基准价": 2115.99,
    "状态": "考虑卖出"
  },
  "证券公司": {
    "PB目前分位": 0.58,
    "PE目前分位": 53.2892,
    "基准价": 699.17,
    "状态": "考虑卖出"
  }
}