{
  "中证1000": {
    "PB目前分位": 3.24,
    "PE目前分位": 23.7228,
    "基准价": 6170.65,
    "状态": "考虑卖出"
  },
  "中证中药": {
    "PB目前分位": 11.72,
    "PE目前分位": 11.9127,
    "基准价": 10086.6048,
    "状态": "低估"
  },
  "中证医疗": {
    "PB目前分位": 0.19,
    "PE目前分位": 16.9145,
    "基准价": 7551.3216,
    "状态": "低估"
  },
  "中证白酒": {
    "PB目前分位": 34.12,
    "PE目前分位": 20.8912,
    "基准价": 15361.32,
    "状态": "考虑卖出"
  },
  "中证红利": {
    "PB目前分位": 10.44,
    "PE目前分位": 15.8753,
    "基准价": 4717.3535999999995,
    "状态": "低估"
  },
  "光伏产业": {
    "PB目前分位": 25.48,
    "PE目前分位": 2.7826,
    "基准价": 2330.6784,
    "状态": "低估"
  },
  "军工指数": {
    "PB目前分位": 37.4,
    "PE目前分位": 2.8634,
    "基准价": 1252.1855999999998,
    "状态": "低估"
  },
  "动漫游戏": {
    "PB目前分位": 36.72,
    "PE目前分位": 91.8842,
    "基准价": 1752.96,
    "状态": "考虑卖出"
  },
  "医疗器械": {
    "PB目前分位": 1.72,
    "PE目前分位": 29.0575,
    "基准价": 10296.912,
    "状态": "考虑卖出"
  },
  "半导体": {
    "PB目前分位": 42.55,
    "PE目前分位": 67.3837,
    "基准价": 5326.61,
    "状态": "考虑卖出"
  },
  "新能源车": {
    "PB目前分位": 31.82,
    "PE目前分位": 4.9934,
    "基准价": 2186.4384,
    "状态": "低估"
  },
  "煤炭指数": {
    "PB目前分位": 82.64,
    "PE目前分位": 30.3371,
    "基准价": 3949.93,
    "状态": "考虑卖出"
  },
  "科创50": {
    "PB目前分位": 0,
    "PE目前分位": 20.1183,
    "基准价": 845.952,
    "状态": "考虑卖出"
  },
  "绿色电力": {
    "PB目前分位": 69.08,
    "PE目前分位": 61.8918,
    "基准价": 1857.2,
    "状态": "考虑卖出"
  },
  "证券公司": {
    "PB目前分位": 2.59,
    "PE目前分位": 35.6564,
    "基准价": 699.17,
    "状态": "考虑卖出"
  }
}