{
  "中证1000": {
    "PB目前分位": 7.1,
    "PE目前分位": 44.0855,
    "基准价": 6170.65,
    "状态": "考虑卖出"
  },
  "中证中药": {
    "PB目前分位": 20.11,
    "PE目前分位": 16.5044,
    "基准价": 10086.6048,
    "状态": "低估"
  },
  "中证医疗": {
    "PB目前分位": 3.1,
    "PE目前分位": 17.3416,
    "基准价": 7551.3216,
    "状态": "低估"
  },
  "中证白酒": {
    "PB目前分位": 46.07,
    "PE目前分位": 28.2694,
    "基准价": 15361.32,
    "状态": "考虑卖出"
  },
  "中证红利": {
    "PB目前分位": 1.48,
    "PE目前分位": 10.4582,
    "基准价": 4717.3535999999995,
    "状态": "低估"
  },
  "光伏产业": {
    "PB目前分位": 25.98,
    "PE目前分位": 1.5497,
    "基准价": 2662.8192,
    "状态": "低估"
  },
  "军工指数": {
    "PB目前分位": 43.46,
    "PE目前分位": 3.5846,
    "基准价": 1252.1855999999998,
    "状态": "低估"
  },
  "动漫游戏": {
    "PB目前分位": 42.42,
    "PE目前分位": 92.9783,
    "基准价": 1752.96,
    "状态": "考虑卖出"
  },
  "医疗器械": {
    "PB目前分位": 2.52,
    "PE目前分位": 21.3658,
    "基准价": 10296.912,
    "状态": "考虑卖出"
  },
  "半导体": {
    "PB目前分位": 56.43,
    "PE目前分位": 70.2875,
    "基准价": 5326.61,
    "状态": "考虑卖出"
  },
  "新能源车": {
    "PB目前分位": 37.15,
    "PE目前分位": 9.7285,
    "基准价": 2414.3711999999996,
    "状态": "低估"
  },
  "煤炭指数": {
    "PB目前分位": 59.42,
    "PE目前分位": 12.4538,
    "基准价": 3949.93,
    "状态": "低估"
  },
  "科创50": {
    "PB目前分位": 3.03,
    "PE目前分位": 39.3939,
    "基准价": 845.952,
    "状态": "考虑卖出"
  },
  "绿色电力": {
    "PB目前分位": 62.58,
    "PE目前分位": 61.6962,
    "基准价": 1857.2,
    "状态": "考虑卖出"
  },
  "证券公司": {
    "PB目前分位": 13.42,
    "PE目前分位": 46.1284,
    "基准价": 699.17,
    "状态": "考虑卖出"
  }
}