{
  "中证1000": {
    "PB目前分位": 5.03,
    "PE目前分位": 45.3998,
    "基准价": 4392.816000000001,
    "状态": "考虑卖出"
  },
  "中证中药": {
    "PB目前分位": 19.84,
    "PE目前分位": 26.8103,
    "基准价": 9269.472000000002,
    "状态": "考虑卖出"
  },
  "中证医疗": {
    "PB目前分位": 1.26,
    "PE目前分位": 18.2757,
    "基准价": 6229.8816,
    "状态": "低估"
  },
  "中证白酒": {
    "PB目前分位": 30.8,
    "PE目前分位": 19.4265,
    "基准价": 10653.936,
    "状态": "低估"
  },
  "中证红利": {
    "PB目前分位": 18.56,
    "PE目前分位": 35.3917,
    "基准价": 4717.3535999999995,
    "状态": "考虑卖出"
  },
  "光伏产业": {
    "PB目前分位": 14.45,
    "PE目前分位": 20.3265,
    "基准价": 2096.9280000000003,
    "状态": "考虑卖出"
  },
  "军工指数": {
    "PB目前分位": 42.34,
    "PE目前分位": 4.3754,
    "基准价": 1061.6544000000001,
    "状态": "低估"
  },
  "动漫游戏": {
    "PB目前分位": 24.66,
    "PE目前分位": 54.7088,
    "基准价": 1752.96,
    "状态": "考虑卖出"
  },
  "医疗器械": {
    "PB目前分位": 2.85,
    "PE目前分位": 33.1687,
    "基准价": 10296.912,
    "状态": "考虑卖出"
  },
  "半导体": {
    "PB目前分位": 33.55,
    "PE目前分位": 62.0441,
    "基准价": 5326.61,
    "状态": "考虑卖出"
  },
  "新能源车": {
    "PB目前分位": 34.26,
    "PE目前分位": 32.5064,
    "基准价": 1958.1888,
    "状态": "考虑卖出"
  },
  "沪深300": {
    "PB目前分位": 4.05,
    "PE目前分位": 37.3868,
    "基准价": 3516.08,
    "状态": "考虑卖出"
  },
  "煤炭指数": {
    "PB目前分位": 87.72,
    "PE目前分位": 65.808,
    "基准价": 4951.67,
    "状态": "考虑卖出"
  },
  "科创50": {
    "PB目前分位": 2.61,
    "PE目前分位": 48.587,
    "基准价": 807.71,
    "状态": "考虑卖出"
  },
  "绿色电力": {
    "PB目前分位": 84.21,
    "PE目前分位": 58.0915,
    "基准价": 1989.17,
    "状态": "考虑卖出"
  },
  "证券公司": {
    "PB目前分位": 5.15,
    "PE目前分位": 61.1483,
    "基准价": 699.17,
    "状态": "考虑卖出"
  }
}