{
  "中证1000": {
    "PB目前分位": 1.24,
    "PE目前分位": 20.7965,
    "基准价": 4800.7968,
    "状态": "考虑卖出"
  },
  "中证中药": {
    "PB目前分位": 11.25,
    "PE目前分位": 11.1059,
    "基准价": 10086.6048,
    "状态": "低估"
  },
  "中证医疗": {
    "PB目前分位": 0.19,
    "PE目前分位": 15.7797,
    "基准价": 6866.3328,
    "状态": "低估"
  },
  "中证白酒": {
    "PB目前分位": 33.92,
    "PE目前分位": 20.1813,
    "基准价": 10653.936,
    "状态": "考虑卖出"
  },
  "中证红利": {
    "PB目前分位": 14.31,
    "PE目前分位": 23.2298,
    "基准价": 4717.3535999999995,
    "状态": "考虑卖出"
  },
  "光伏产业": {
    "PB目前分位": 23.3,
    "PE目前分位": 1.9845,
    "基准价": 2330.6784,
    "状态": "低估"
  },
  "军工指数": {
    "PB目前分位": 34.03,
    "PE目前分位": 2.7457,
    "基准价": 1152.5567999999998,
    "状态": "低估"
  },
  "动漫游戏": {
    "PB目前分位": 38.62,
    "PE目前分位": 92.0384,
    "基准价": 1752.96,
    "状态": "考虑卖出"
  },
  "医疗器械": {
    "PB目前分位": 0.74,
    "PE目前分位": 27.2408,
    "基准价": 10296.912,
    "状态": "考虑卖出"
  },
  "半导体": {
    "PB目前分位": 41.7,
    "PE目前分位": 66.6407,
    "基准价": 5326.61,
    "状态": "考虑卖出"
  },
  "新能源车": {
    "PB目前分位": 26.06,
    "PE目前分位": 1.8046,
    "基准价": 2186.4384,
    "状态": "低估"
  },
  "煤炭指数": {
    "PB目前分位": 86.67,
    "PE目前分位": 38.0058,
    "基准价": 3949.93,
    "状态": "考虑卖出"
  },
  "科创50": {
    "PB目前分位": 0.7,
    "PE目前分位": 20.726,
    "基准价": 745.392,
    "状态": "考虑卖出"
  },
  "绿色电力": {
    "PB目前分位": 70.65,
    "PE目前分位": 52.3551,
    "基准价": 1857.2,
    "状态": "考虑卖出"
  },
  "证券公司": {
    "PB目前分位": 8.96,
    "PE目前分位": 45.983,
    "基准价": 699.17,
    "状态": "考虑卖出"
  }
}