{
  "中证1000": {
    "PB目前分位": 1.65,
    "PE目前分位": 20.7572,
    "基准价": 4392.816000000001,
    "状态": "考虑卖出"
  },
  "中证中药": {
    "PB目前分位": 12.53,
    "PE目前分位": 10.9564,
    "基准价": 9269.472000000002,
    "状态": "低估"
  },
  "中证医疗": {
    "PB目前分位": 0.18,
    "PE目前分位": 9.095,
    "基准价": 6229.8816,
    "状态": "低估"
  },
  "中证白酒": {
    "PB目前分位": 42.55,
    "PE目前分位": 27.4602,
    "基准价": 10653.936,
    "状态": "考虑卖出"
  },
  "中证红利": {
    "PB目前分位": 19.17,
    "PE目前分位": 31.3614,
    "基准价": 4717.3535999999995,
    "状态": "考虑卖出"
  },
  "光伏产业": {
    "PB目前分位": 19.72,
    "PE目前分位": 3.5088,
    "基准价": 2096.9280000000003,
    "状态": "低估"
  },
  "军工指数": {
    "PB目前分位": 34.14,
    "PE目前分位": 3.1361,
    "基准价": 1061.6544000000001,
    "状态": "低估"
  },
  "动漫游戏": {
    "PB目前分位": 36.59,
    "PE目前分位": 88.115,
    "基准价": 1752.96,
    "状态": "考虑卖出"
  },
  "医疗器械": {
    "PB目前分位": 0.46,
    "PE目前分位": 23.9631,
    "基准价": 10296.912,
    "状态": "考虑卖出"
  },
  "半导体": {
    "PB目前分位": 39.52,
    "PE目前分位": 66.3594,
    "基准价": 5326.61,
    "状态": "考虑卖出"
  },
  "新能源车": {
    "PB目前分位": 32.64,
    "PE目前分位": 7.9654,
    "基准价": 1958.1888,
    "状态": "低估"
  },
  "沪深300": {
    "PB目前分位": 3.93,
    "PE目前分位": 23.731,
    "基准价": 3516.08,
    "状态": "考虑卖出"
  },
  "煤炭指数": {
    "PB目前分位": 87.63,
    "PE目前分位": 45.1532,
    "基准价": 4951.67,
    "状态": "考虑卖出"
  },
  "科创50": {
    "PB目前分位": 0.78,
    "PE目前分位": 34.5291,
    "基准价": 807.71,
    "状态": "考虑卖出"
  },
  "绿色电力": {
    "PB目前分位": 81.03,
    "PE目前分位": 63.0009,
    "基准价": 1857.2,
    "状态": "考虑卖出"
  },
  "证券公司": {
    "PB目前分位": 2.5,
    "PE目前分位": 37.9324,
    "基准价": 699.17,
    "状态": "考虑卖出"
  }
}