{
  "中证1000": {
    "危险分位": 41.77458744,
    "基准价": 6117.1552,
    "机会分位": 36.13753274,
    "目前分位": 35.88847818
  },
  "中证中药": {
    "危险分位": 30.98131033,
    "基准价": 11410.3496,
    "机会分位": 28.87732357,
    "目前分位": 26.79130561
  },
  "中证医疗": {
    "危险分位": 56.47368483,
    "基准价": 7934.385,
    "机会分位": 40.83481605,
    "目前分位": 30.46385296
  },
  "中证白酒": {
    "危险分位": 31.10966074,
    "基准价": 2794.94,
    "机会分位": 27.48341393,
    "目前分位": 29.96207235
  },
  "中证红利": {
    "危险分位": 7.77971354,
    "基准价": 5319.912,
    "机会分位": 6.53092582,
    "目前分位": 5.89720263
  },
  "光伏产业": {
    "危险分位": 33.507690159999996,
    "基准价": 3288.0536,
    "机会分位": 30.205431332,
    "目前分位": 13.49180467
  },
  "军工指数": {
    "危险分位": 68.17272193,
    "基准价": 1480.0136,
    "机会分位": 57.9263994,
    "目前分位": 49.55295375
  },
  "动漫游戏": {
    "危险分位": 34.64968523,
    "基准价": 1846.4160000000002,
    "机会分位": 29.52253462,
    "目前分位": 1073.57070109
  },
  "医疗器械": {
    "危险分位": 53.81113432,
    "基准价": 11679.044,
    "机会分位": 37.74358218,
    "目前分位": 29.71006143
  },
  "半导体": {
    "危险分位": 79.90140139,
    "基准价": 2987.948,
    "机会分位": 62.47447418,
    "目前分位": 65.50718223
  },
  "新能源车": {
    "危险分位": 45.08781136,
    "基准价": 2889.9728,
    "机会分位": 24.83541295,
    "目前分位": 20.74236155
  },
  "煤炭指数": {
    "危险分位": 10.53146375,
    "基准价": 4109.4456,
    "机会分位": 9.3604861,
    "目前分位": 7.17439078
  },
  "科创50": {
    "危险分位": 52.854886050000005,
    "基准价": 918.3096,
    "机会分位": 43.032194956,
    "目前分位": 40.78071841
  },
  "绿色电力": {
    "危险分位": 18.39047124,
    "基准价": 1857.742,
    "机会分位": 16.41967183,
    "目前分位": 22.29933114
  },
  "证券公司": {
    "危险分位": 22.18239219,
    "基准价": 701.24,
    "机会分位": 19.63082261,
    "目前分位": 21.39503393
  }
}