{
  "中证1000": {
    "PB目前分位": 3.99,
    "PE目前分位": 21.8221,
    "基准价": 4392.816000000001,
    "状态": "考虑卖出"
  },
  "中证中药": {
    "PB目前分位": 13.88,
    "PE目前分位": 16.4276,
    "基准价": 9269.472000000002,
    "状态": "低估"
  },
  "中证医疗": {
    "PB目前分位": 0.18,
    "PE目前分位": 11.1514,
    "基准价": 6229.8816,
    "状态": "低估"
  },
  "中证白酒": {
    "PB目前分位": 40.4,
    "PE目前分位": 23.0266,
    "基准价": 10653.936,
    "状态": "考虑卖出"
  },
  "中证红利": {
    "PB目前分位": 19.27,
    "PE目前分位": 31.9943,
    "基准价": 4717.3535999999995,
    "状态": "考虑卖出"
  },
  "光伏产业": {
    "PB目前分位": 21.43,
    "PE目前分位": 6.2292,
    "基准价": 2096.9280000000003,
    "状态": "低估"
  },
  "军工指数": {
    "PB目前分位": 35.37,
    "PE目前分位": 3.6971,
    "基准价": 1061.6544000000001,
    "状态": "低估"
  },
  "动漫游戏": {
    "PB目前分位": 38.49,
    "PE目前分位": 92.6211,
    "基准价": 1752.96,
    "状态": "考虑卖出"
  },
  "医疗器械": {
    "PB目前分位": 0.31,
    "PE目前分位": 24.3202,
    "基准价": 10296.912,
    "状态": "考虑卖出"
  },
  "半导体": {
    "PB目前分位": 36.92,
    "PE目前分位": 65.7602,
    "基准价": 5326.61,
    "状态": "考虑卖出"
  },
  "新能源车": {
    "PB目前分位": 36.12,
    "PE目前分位": 13.9404,
    "基准价": 1958.1888,
    "状态": "低估"
  },
  "沪深300": {
    "PB目前分位": 3.99,
    "PE目前分位": 26.2941,
    "基准价": 3516.08,
    "状态": "考虑卖出"
  },
  "煤炭指数": {
    "PB目前分位": 90.62,
    "PE目前分位": 49.0224,
    "基准价": 4951.67,
    "状态": "考虑卖出"
  },
  "科创50": {
    "PB目前分位": 0.89,
    "PE目前分位": 34.1491,
    "基准价": 807.71,
    "状态": "考虑卖出"
  },
  "绿色电力": {
    "PB目前分位": 86.42,
    "PE目前分位": 65.8233,
    "基准价": 1989.17,
    "状态": "考虑卖出"
  },
  "证券公司": {
    "PB目前分位": 1.27,
    "PE目前分位": 44.1713,
    "基准价": 699.17,
    "状态": "考虑卖出"
  }
}