{
  "中证1000": {
    "PB目前分位": 1.88,
    "PE目前分位": 21.366,
    "基准价": 4392.816000000001,
    "状态": "考虑卖出"
  },
  "中证中药": {
    "PB目前分位": 12.99,
    "PE目前分位": 10.9813,
    "基准价": 9269.472000000002,
    "状态": "低估"
  },
  "中证医疗": {
    "PB目前分位": 0.32,
    "PE目前分位": 12.9519,
    "基准价": 6229.8816,
    "状态": "低估"
  },
  "中证白酒": {
    "PB目前分位": 38.73,
    "PE目前分位": 24.3396,
    "基准价": 10653.936,
    "状态": "考虑卖出"
  },
  "中证红利": {
    "PB目前分位": 20.52,
    "PE目前分位": 31.3754,
    "基准价": 4717.3535999999995,
    "状态": "考虑卖出"
  },
  "光伏产业": {
    "PB目前分位": 23.58,
    "PE目前分位": 4.9873,
    "基准价": 2096.9280000000003,
    "状态": "低估"
  },
  "军工指数": {
    "PB目前分位": 39.43,
    "PE目前分位": 3.8682,
    "基准价": 1061.6544000000001,
    "状态": "低估"
  },
  "动漫游戏": {
    "PB目前分位": 40.06,
    "PE目前分位": 89.805,
    "基准价": 1752.96,
    "状态": "考虑卖出"
  },
  "医疗器械": {
    "PB目前分位": 1.47,
    "PE目前分位": 26.6409,
    "基准价": 10296.912,
    "状态": "考虑卖出"
  },
  "半导体": {
    "PB目前分位": 43.82,
    "PE目前分位": 70.7336,
    "基准价": 5326.61,
    "状态": "考虑卖出"
  },
  "新能源车": {
    "PB目前分位": 28.09,
    "PE目前分位": 4.0505,
    "基准价": 1958.1888,
    "状态": "低估"
  },
  "沪深300": {
    "PB目前分位": 4.85,
    "PE目前分位": 25.5875,
    "基准价": 3516.08,
    "状态": "考虑卖出"
  },
  "煤炭指数": {
    "PB目前分位": 94.77,
    "PE目前分位": 57.1633,
    "基准价": 4951.67,
    "状态": "考虑卖出"
  },
  "科创50": {
    "PB目前分位": 3.53,
    "PE目前分位": 53.1891,
    "基准价": 807.71,
    "状态": "考虑卖出"
  },
  "绿色电力": {
    "PB目前分位": 85.08,
    "PE目前分位": 64.6057,
    "基准价": 1857.2,
    "状态": "考虑卖出"
  },
  "证券公司": {
    "PB目前分位": 8.88,
    "PE目前分位": 46.6214,
    "基准价": 699.17,
    "状态": "考虑卖出"
  }
}