{
  "中证1000": {
    "PB目前分位": 3.26,
    "PE目前分位": 24.1626,
    "基准价": 6170.65,
    "状态": "考虑卖出"
  },
  "中证中药": {
    "PB目前分位": 14.8,
    "PE目前分位": 14.1766,
    "基准价": 10086.6048,
    "状态": "低估"
  },
  "中证医疗": {
    "PB目前分位": 0.33,
    "PE目前分位": 17.9907,
    "基准价": 7551.3216,
    "状态": "低估"
  },
  "中证白酒": {
    "PB目前分位": 36.82,
    "PE目前分位": 23.0843,
    "基准价": 15361.32,
    "状态": "考虑卖出"
  },
  "中证红利": {
    "PB目前分位": 6.84,
    "PE目前分位": 11.1758,
    "基准价": 4717.3535999999995,
    "状态": "低估"
  },
  "光伏产业": {
    "PB目前分位": 20.47,
    "PE目前分位": 0.7909,
    "基准价": 2330.6784,
    "状态": "低估"
  },
  "军工指数": {
    "PB目前分位": 44.96,
    "PE目前分位": 3.8224,
    "基准价": 1252.1855999999998,
    "状态": "低估"
  },
  "动漫游戏": {
    "PB目前分位": 39.2,
    "PE目前分位": 92.4571,
    "基准价": 1752.96,
    "状态": "考虑卖出"
  },
  "医疗器械": {
    "PB目前分位": 2.83,
    "PE目前分位": 30.4126,
    "基准价": 10296.912,
    "状态": "考虑卖出"
  },
  "半导体": {
    "PB目前分位": 48.92,
    "PE目前分位": 74.6562,
    "基准价": 5326.61,
    "状态": "考虑卖出"
  },
  "新能源车": {
    "PB目前分位": 30.83,
    "PE目前分位": 3.7317,
    "基准价": 2186.4384,
    "状态": "低估"
  },
  "煤炭指数": {
    "PB目前分位": 76.34,
    "PE目前分位": 22.5701,
    "基准价": 3949.93,
    "状态": "考虑卖出"
  },
  "科创50": {
    "PB目前分位": 0.12,
    "PE目前分位": 40.096,
    "基准价": 845.952,
    "状态": "考虑卖出"
  },
  "绿色电力": {
    "PB目前分位": 65.02,
    "PE目前分位": 59.5793,
    "基准价": 1857.2,
    "状态": "考虑卖出"
  },
  "证券公司": {
    "PB目前分位": 5.13,
    "PE目前分位": 39.0472,
    "基准价": 699.17,
    "状态": "考虑卖出"
  }
}