{
  "中证1000": {
    "PB目前分位": 4.2,
    "PE目前分位": 23.2619,
    "基准价": 4392.816000000001,
    "状态": "考虑卖出"
  },
  "中证中药": {
    "PB目前分位": 18.9,
    "PE目前分位": 16.2856,
    "基准价": 9269.472000000002,
    "状态": "低估"
  },
  "中证医疗": {
    "PB目前分位": 1.46,
    "PE目前分位": 17.1846,
    "基准价": 6229.8816,
    "状态": "低估"
  },
  "中证白酒": {
    "PB目前分位": 44.09,
    "PE目前分位": 28.4032,
    "基准价": 10653.936,
    "状态": "考虑卖出"
  },
  "中证红利": {
    "PB目前分位": 17.89,
    "PE目前分位": 30.1968,
    "基准价": 4717.3535999999995,
    "状态": "考虑卖出"
  },
  "光伏产业": {
    "PB目前分位": 29.17,
    "PE目前分位": 8.6003,
    "基准价": 2096.9280000000003,
    "状态": "低估"
  },
  "军工指数": {
    "PB目前分位": 42.18,
    "PE目前分位": 4.3649,
    "基准价": 1061.6544000000001,
    "状态": "低估"
  },
  "动漫游戏": {
    "PB目前分位": 47.22,
    "PE目前分位": 90.5451,
    "基准价": 1752.96,
    "状态": "考虑卖出"
  },
  "医疗器械": {
    "PB目前分位": 4.28,
    "PE目前分位": 30.2352,
    "基准价": 10296.912,
    "状态": "考虑卖出"
  },
  "半导体": {
    "PB目前分位": 46.59,
    "PE目前分位": 74.7011,
    "基准价": 5326.61,
    "状态": "考虑卖出"
  },
  "新能源车": {
    "PB目前分位": 35.89,
    "PE目前分位": 8.4385,
    "基准价": 1958.1888,
    "状态": "低估"
  },
  "沪深300": {
    "PB目前分位": 5.59,
    "PE目前分位": 26.8102,
    "基准价": 3516.08,
    "状态": "考虑卖出"
  },
  "煤炭指数": {
    "PB目前分位": 90.09,
    "PE目前分位": 46.9052,
    "基准价": 4951.67,
    "状态": "考虑卖出"
  },
  "科创50": {
    "PB目前分位": 3.63,
    "PE目前分位": 52.4404,
    "基准价": 807.71,
    "状态": "考虑卖出"
  },
  "绿色电力": {
    "PB目前分位": 80.49,
    "PE目前分位": 62.1477,
    "基准价": 1857.2,
    "状态": "考虑卖出"
  },
  "证券公司": {
    "PB目前分位": 12.14,
    "PE目前分位": 50.0799,
    "基准价": 699.17,
    "状态": "考虑卖出"
  }
}