{
  "中证1000": {
    "PB目前分位": 2.52,
    "PE目前分位": 21.5746,
    "基准价": 4392.816000000001,
    "状态": "考虑卖出"
  },
  "中证中药": {
    "PB目前分位": 12.71,
    "PE目前分位": 10.9977,
    "基准价": 9269.472000000002,
    "状态": "低估"
  },
  "中证医疗": {
    "PB目前分位": 0.18,
    "PE目前分位": 9.0455,
    "基准价": 6229.8816,
    "状态": "低估"
  },
  "中证白酒": {
    "PB目前分位": 42.62,
    "PE目前分位": 27.4941,
    "基准价": 10653.936,
    "状态": "考虑卖出"
  },
  "中证红利": {
    "PB目前分位": 17.63,
    "PE目前分位": 30.7802,
    "基准价": 4717.3535999999995,
    "状态": "考虑卖出"
  },
  "光伏产业": {
    "PB目前分位": 20.53,
    "PE目前分位": 3.9232,
    "基准价": 2096.9280000000003,
    "状态": "低估"
  },
  "军工指数": {
    "PB目前分位": 39.19,
    "PE目前分位": 3.8475,
    "基准价": 1061.6544000000001,
    "状态": "低估"
  },
  "动漫游戏": {
    "PB目前分位": 42.15,
    "PE目前分位": 91.768,
    "基准价": 1752.96,
    "状态": "考虑卖出"
  },
  "医疗器械": {
    "PB目前分位": 0.35,
    "PE目前分位": 23.6468,
    "基准价": 10296.912,
    "状态": "考虑卖出"
  },
  "半导体": {
    "PB目前分位": 41.42,
    "PE目前分位": 67.4856,
    "基准价": 5326.61,
    "状态": "考虑卖出"
  },
  "新能源车": {
    "PB目前分位": 33.32,
    "PE目前分位": 9.7793,
    "基准价": 1958.1888,
    "状态": "低估"
  },
  "沪深300": {
    "PB目前分位": 3.86,
    "PE目前分位": 23.7476,
    "基准价": 3516.08,
    "状态": "考虑卖出"
  },
  "煤炭指数": {
    "PB目前分位": 87.5,
    "PE目前分位": 45.0659,
    "基准价": 4951.67,
    "状态": "考虑卖出"
  },
  "科创50": {
    "PB目前分位": 1.12,
    "PE目前分位": 40.4255,
    "基准价": 807.71,
    "状态": "考虑卖出"
  },
  "绿色电力": {
    "PB目前分位": 82.33,
    "PE目前分位": 63.3289,
    "基准价": 1857.2,
    "状态": "考虑卖出"
  },
  "证券公司": {
    "PB目前分位": 3.14,
    "PE目前分位": 38.2353,
    "基准价": 699.17,
    "状态": "考虑卖出"
  }
}