{
  "中证1000": {
    "PB目前分位": 1.58,
    "PE目前分位": 21.0896,
    "基准价": 4392.816000000001,
    "状态": "考虑卖出"
  },
  "中证中药": {
    "PB目前分位": 11.73,
    "PE目前分位": 9.5685,
    "基准价": 9269.472000000002,
    "状态": "低估"
  },
  "中证医疗": {
    "PB目前分位": 0.64,
    "PE目前分位": 14.5154,
    "基准价": 6229.8816,
    "状态": "低估"
  },
  "中证白酒": {
    "PB目前分位": 39.11,
    "PE目前分位": 24.5739,
    "基准价": 10653.936,
    "状态": "考虑卖出"
  },
  "中证红利": {
    "PB目前分位": 19,
    "PE目前分位": 30.819,
    "基准价": 4717.3535999999995,
    "状态": "考虑卖出"
  },
  "光伏产业": {
    "PB目前分位": 18.89,
    "PE目前分位": 1.7872,
    "基准价": 2096.9280000000003,
    "状态": "低估"
  },
  "军工指数": {
    "PB目前分位": 35.63,
    "PE目前分位": 3.5201,
    "基准价": 1061.6544000000001,
    "状态": "低估"
  },
  "动漫游戏": {
    "PB目前分位": 40.51,
    "PE目前分位": 90.7666,
    "基准价": 1752.96,
    "状态": "考虑卖出"
  },
  "医疗器械": {
    "PB目前分位": 1.94,
    "PE目前分位": 28.1952,
    "基准价": 10296.912,
    "状态": "考虑卖出"
  },
  "半导体": {
    "PB目前分位": 41.25,
    "PE目前分位": 70.6042,
    "基准价": 5326.61,
    "状态": "考虑卖出"
  },
  "新能源车": {
    "PB目前分位": 25.61,
    "PE目前分位": 1.9668,
    "基准价": 1958.1888,
    "状态": "低估"
  },
  "煤炭指数": {
    "PB目前分位": 92.82,
    "PE目前分位": 50.5029,
    "基准价": 4951.67,
    "状态": "考虑卖出"
  },
  "科创50": {
    "PB目前分位": 2.53,
    "PE目前分位": 41.954,
    "基准价": 669.792,
    "状态": "考虑卖出"
  },
  "绿色电力": {
    "PB目前分位": 76.53,
    "PE目前分位": 58.5432,
    "基准价": 1857.2,
    "状态": "考虑卖出"
  },
  "证券公司": {
    "PB目前分位": 9.55,
    "PE目前分位": 46.8111,
    "基准价": 699.17,
    "状态": "考虑卖出"
  }
}