{
  "中证1000": {
    "PB目前分位": 0.85,
    "PE目前分位": 33.5181,
    "基准价": 4392.816000000001,
    "状态": "考虑卖出"
  },
  "中证中药": {
    "PB目前分位": 10.5,
    "PE目前分位": 20.627,
    "基准价": 9269.472000000002,
    "状态": "考虑卖出"
  },
  "中证医疗": {
    "PB目前分位": 0.18,
    "PE目前分位": 10.6857,
    "基准价": 6229.8816,
    "状态": "低估"
  },
  "中证白酒": {
    "PB目前分位": 27.65,
    "PE目前分位": 14.2595,
    "基准价": 10653.936,
    "状态": "低估"
  },
  "中证红利": {
    "PB目前分位": 20.5,
    "PE目前分位": 38.0652,
    "基准价": 4717.3535999999995,
    "状态": "考虑卖出"
  },
  "光伏产业": {
    "PB目前分位": 3.22,
    "PE目前分位": 19.6141,
    "基准价": 2096.9280000000003,
    "状态": "低估"
  },
  "军工指数": {
    "PB目前分位": 41.5,
    "PE目前分位": 4.4865,
    "基准价": 1061.6544000000001,
    "状态": "低估"
  },
  "动漫游戏": {
    "PB目前分位": 11.21,
    "PE目前分位": 44.9892,
    "基准价": 1752.96,
    "状态": "考虑卖出"
  },
  "医疗器械": {
    "PB目前分位": 0.41,
    "PE目前分位": 26.3297,
    "基准价": 10296.912,
    "状态": "考虑卖出"
  },
  "半导体": {
    "PB目前分位": 37.5,
    "PE目前分位": 63.4478,
    "基准价": 5326.61,
    "状态": "考虑卖出"
  },
  "新能源车": {
    "PB目前分位": 29.91,
    "PE目前分位": 30.9291,
    "基准价": 1958.1888,
    "状态": "考虑卖出"
  },
  "沪深300": {
    "PB目前分位": 3.37,
    "PE目前分位": 34.4642,
    "基准价": 3516.08,
    "状态": "考虑卖出"
  },
  "煤炭指数": {
    "PB目前分位": 92.08,
    "PE目前分位": 69.9965,
    "基准价": 4951.67,
    "状态": "考虑卖出"
  },
  "科创50": {
    "PB目前分位": 1.49,
    "PE目前分位": 38.6581,
    "基准价": 807.71,
    "状态": "考虑卖出"
  },
  "绿色电力": {
    "PB目前分位": 89.71,
    "PE目前分位": 65.809,
    "基准价": 2115.99,
    "状态": "考虑卖出"
  },
  "证券公司": {
    "PB目前分位": 0.27,
    "PE目前分位": 53.7861,
    "基准价": 699.17,
    "状态": "考虑卖出"
  }
}