{
  "中证1000": {
    "PB目前分位": 5.33,
    "PE目前分位": 25.4911,
    "基准价": 4392.816000000001,
    "状态": "考虑卖出"
  },
  "中证中药": {
    "PB目前分位": 18.86,
    "PE目前分位": 17.2333,
    "基准价": 9269.472000000002,
    "状态": "低估"
  },
  "中证医疗": {
    "PB目前分位": 1.41,
    "PE目前分位": 16.8796,
    "基准价": 6229.8816,
    "状态": "低估"
  },
  "中证白酒": {
    "PB目前分位": 43.49,
    "PE目前分位": 27.9267,
    "基准价": 10653.936,
    "状态": "考虑卖出"
  },
  "中证红利": {
    "PB目前分位": 17.47,
    "PE目前分位": 30.0464,
    "基准价": 4717.3535999999995,
    "状态": "考虑卖出"
  },
  "光伏产业": {
    "PB目前分位": 28.66,
    "PE目前分位": 7.6471,
    "基准价": 2096.9280000000003,
    "状态": "低估"
  },
  "军工指数": {
    "PB目前分位": 43.19,
    "PE目前分位": 4.5731,
    "基准价": 1061.6544000000001,
    "状态": "低估"
  },
  "动漫游戏": {
    "PB目前分位": 52.44,
    "PE目前分位": 91.121,
    "基准价": 1752.96,
    "状态": "考虑卖出"
  },
  "医疗器械": {
    "PB目前分位": 4.58,
    "PE目前分位": 29.9576,
    "基准价": 10296.912,
    "状态": "考虑卖出"
  },
  "半导体": {
    "PB目前分位": 48.32,
    "PE目前分位": 76.5114,
    "基准价": 5326.61,
    "状态": "考虑卖出"
  },
  "新能源车": {
    "PB目前分位": 36.17,
    "PE目前分位": 9.3791,
    "基准价": 1958.1888,
    "状态": "低估"
  },
  "沪深300": {
    "PB目前分位": 5.89,
    "PE目前分位": 27.3517,
    "基准价": 3516.08,
    "状态": "考虑卖出"
  },
  "煤炭指数": {
    "PB目前分位": 88,
    "PE目前分位": 44.8017,
    "基准价": 4951.67,
    "状态": "考虑卖出"
  },
  "科创50": {
    "PB目前分位": 4.52,
    "PE目前分位": 53.1073,
    "基准价": 807.71,
    "状态": "考虑卖出"
  },
  "绿色电力": {
    "PB目前分位": 82.67,
    "PE目前分位": 63.4658,
    "基准价": 1857.2,
    "状态": "考虑卖出"
  },
  "证券公司": {
    "PB目前分位": 13.88,
    "PE目前分位": 51.4354,
    "基准价": 699.17,
    "状态": "考虑卖出"
  }
}