{
  "中证1000": {
    "PB目前分位": 1.46,
    "PE目前分位": 21.0293,
    "基准价": 6170.65,
    "状态": "考虑卖出"
  },
  "中证中药": {
    "PB目前分位": 11.18,
    "PE目前分位": 11.1374,
    "基准价": 10086.6048,
    "状态": "低估"
  },
  "中证医疗": {
    "PB目前分位": 0,
    "PE目前分位": 15.0348,
    "基准价": 6866.3328,
    "状态": "低估"
  },
  "中证白酒": {
    "PB目前分位": 32.01,
    "PE目前分位": 16.7943,
    "基准价": 10653.936,
    "状态": "低估"
  },
  "中证红利": {
    "PB目前分位": 10.5,
    "PE目前分位": 15.9667,
    "基准价": 4717.3535999999995,
    "状态": "低估"
  },
  "光伏产业": {
    "PB目前分位": 23.33,
    "PE目前分位": 1.8213,
    "基准价": 2330.6784,
    "状态": "低估"
  },
  "军工指数": {
    "PB目前分位": 30.74,
    "PE目前分位": 2.1723,
    "基准价": 1152.5567999999998,
    "状态": "低估"
  },
  "动漫游戏": {
    "PB目前分位": 33.03,
    "PE目前分位": 91.6714,
    "基准价": 1752.96,
    "状态": "考虑卖出"
  },
  "医疗器械": {
    "PB目前分位": 0.27,
    "PE目前分位": 26.875,
    "基准价": 10296.912,
    "状态": "考虑卖出"
  },
  "半导体": {
    "PB目前分位": 40.59,
    "PE目前分位": 66.4453,
    "基准价": 5326.61,
    "状态": "考虑卖出"
  },
  "新能源车": {
    "PB目前分位": 26.65,
    "PE目前分位": 1.8976,
    "基准价": 2186.4384,
    "状态": "低估"
  },
  "煤炭指数": {
    "PB目前分位": 83.09,
    "PE目前分位": 31.2093,
    "基准价": 3949.93,
    "状态": "考虑卖出"
  },
  "科创50": {
    "PB目前分位": 0,
    "PE目前分位": 12.5,
    "基准价": 745.392,
    "状态": "低估"
  },
  "绿色电力": {
    "PB目前分位": 65.71,
    "PE目前分位": 59.9455,
    "基准价": 1857.2,
    "状态": "考虑卖出"
  },
  "证券公司": {
    "PB目前分位": 1.7,
    "PE目前分位": 34.0348,
    "基准价": 699.17,
    "状态": "考虑卖出"
  }
}