{"中证中药": {"危险分位": 10576.215, "机会分位": 9804.903, "基准价": 11210.7879}, "科创50": {"危险分位": 1233.62, "机会分位": 1060.8999999999999, "基准价": 938.6164223999998}, "证券": {"危险分位": 101283.11499999999, "机会分位": 67403.98000000001, "基准价": 127867.59912453039}, "半导体": {"危险分位": 3481.31, "机会分位": 2981.004, "基准价": 4938.304770687934}, "军工指数": {"危险分位": 1249.605, "机会分位": 982.5799999999999, "基准价": 1404.056178}, "新能源车": {"危险分位": 2417.13, "机会分位": 2074.552, "基准价": 2878.84050408}, "中证白酒": {"危险分位": 3532.12, "机会分位": 2793.684, "基准价": 14301.323025113537}, "光伏产业": {"危险分位": 4418.49, "机会分位": 3856.9410000000003, "基准价": 3412.3745525760005}, "食品饮料": {"危险分位": 14142.92, "机会分位": 8572.037, "基准价": 23894.16575885835}, "游戏": {"危险分位": 910.95, "机会分位": 854.064, "基准价": 1219.05658991472}, "中证红利": {"危险分位": 3917.73, "机会分位": 2922.899, "基准价": 4946.043860500801}, "煤炭指数": {"危险分位": 2519.74, "机会分位": 2258.4179999999997, "基准价": 3574.299347915933}, "中证1000": {"危险分位": 5683.12, "机会分位": 4647.261, "基准价": 6024.1071999999995}, "医疗器械": {"危险分位": 14292.51, "机会分位": 13675.94, "基准价": 11615.6125937664}}