{
  "中证1000": {
    "PB目前分位": 9.38,
    "PE目前分位": 44.3841,
    "基准价": 6170.65,
    "状态": "考虑卖出"
  },
  "中证中药": {
    "PB目前分位": 17.49,
    "PE目前分位": 15.2616,
    "基准价": 10086.6048,
    "状态": "低估"
  },
  "中证医疗": {
    "PB目前分位": 1.9,
    "PE目前分位": 20.9104,
    "基准价": 7551.3216,
    "状态": "考虑卖出"
  },
  "中证白酒": {
    "PB目前分位": 46.82,
    "PE目前分位": 28.7182,
    "基准价": 15361.32,
    "状态": "考虑卖出"
  },
  "中证红利": {
    "PB目前分位": 1.91,
    "PE目前分位": 11.5243,
    "基准价": 4717.3535999999995,
    "状态": "低估"
  },
  "光伏产业": {
    "PB目前分位": 26.29,
    "PE目前分位": 2.71,
    "基准价": 2662.8192,
    "状态": "低估"
  },
  "军工指数": {
    "PB目前分位": 45.8,
    "PE目前分位": 4.0133,
    "基准价": 1252.1855999999998,
    "状态": "低估"
  },
  "动漫游戏": {
    "PB目前分位": 56.49,
    "PE目前分位": 92.2629,
    "基准价": 1752.96,
    "状态": "考虑卖出"
  },
  "医疗器械": {
    "PB目前分位": 3.02,
    "PE目前分位": 28.3214,
    "基准价": 10296.912,
    "状态": "考虑卖出"
  },
  "半导体": {
    "PB目前分位": 57.24,
    "PE目前分位": 84.0095,
    "基准价": 5326.61,
    "状态": "考虑卖出"
  },
  "新能源车": {
    "PB目前分位": 36.85,
    "PE目前分位": 11.1712,
    "基准价": 2414.3711999999996,
    "状态": "低估"
  },
  "煤炭指数": {
    "PB目前分位": 67.64,
    "PE目前分位": 15.3166,
    "基准价": 3949.93,
    "状态": "低估"
  },
  "科创50": {
    "PB目前分位": 4.49,
    "PE目前分位": 46.7581,
    "基准价": 845.952,
    "状态": "考虑卖出"
  },
  "绿色电力": {
    "PB目前分位": 57.51,
    "PE目前分位": 55.6586,
    "基准价": 1857.2,
    "状态": "考虑卖出"
  },
  "证券公司": {
    "PB目前分位": 16.66,
    "PE目前分位": 51.0515,
    "基准价": 699.17,
    "状态": "考虑卖出"
  }
}