{
  "中证1000": {
    "PB目前分位": 3.39,
    "PE目前分位": 22.0435,
    "基准价": 4392.816000000001,
    "状态": "考虑卖出"
  },
  "中证中药": {
    "PB目前分位": 12.76,
    "PE目前分位": 12.2449,
    "基准价": 9269.472000000002,
    "状态": "低估"
  },
  "中证医疗": {
    "PB目前分位": 0.18,
    "PE目前分位": 10.2681,
    "基准价": 6229.8816,
    "状态": "低估"
  },
  "中证白酒": {
    "PB目前分位": 42.56,
    "PE目前分位": 27.4813,
    "基准价": 10653.936,
    "状态": "考虑卖出"
  },
  "中证红利": {
    "PB目前分位": 18.02,
    "PE目前分位": 31.5171,
    "基准价": 4717.3535999999995,
    "状态": "考虑卖出"
  },
  "光伏产业": {
    "PB目前分位": 20.6,
    "PE目前分位": 3.9199,
    "基准价": 2096.9280000000003,
    "状态": "低估"
  },
  "军工指数": {
    "PB目前分位": 40.63,
    "PE目前分位": 4.2379,
    "基准价": 1061.6544000000001,
    "状态": "低估"
  },
  "动漫游戏": {
    "PB目前分位": 39.87,
    "PE目前分位": 92.8769,
    "基准价": 1752.96,
    "状态": "考虑卖出"
  },
  "医疗器械": {
    "PB目前分位": 0.42,
    "PE目前分位": 23.9447,
    "基准价": 10296.912,
    "状态": "考虑卖出"
  },
  "半导体": {
    "PB目前分位": 41.94,
    "PE目前分位": 67.7667,
    "基准价": 5326.61,
    "状态": "考虑卖出"
  },
  "新能源车": {
    "PB目前分位": 33.78,
    "PE目前分位": 11.4619,
    "基准价": 1958.1888,
    "状态": "低估"
  },
  "沪深300": {
    "PB目前分位": 3.88,
    "PE目前分位": 26.0191,
    "基准价": 3516.08,
    "状态": "考虑卖出"
  },
  "煤炭指数": {
    "PB目前分位": 88.68,
    "PE目前分位": 45.9046,
    "基准价": 4951.67,
    "状态": "考虑卖出"
  },
  "科创50": {
    "PB目前分位": 1.23,
    "PE目前分位": 41.4989,
    "基准价": 807.71,
    "状态": "考虑卖出"
  },
  "绿色电力": {
    "PB目前分位": 84.65,
    "PE目前分位": 64.5018,
    "基准价": 1857.2,
    "状态": "考虑卖出"
  },
  "证券公司": {
    "PB目前分位": 2.9,
    "PE目前分位": 47.7155,
    "基准价": 699.17,
    "状态": "考虑卖出"
  }
}