{
  "中证1000": {
    "PB目前分位": 0.09,
    "PE目前分位": 17.7591,
    "基准价": 4800.7968,
    "状态": "低估"
  },
  "中证中药": {
    "PB目前分位": 7.57,
    "PE目前分位": 8.3728,
    "基准价": 10086.6048,
    "状态": "低估"
  },
  "中证医疗": {
    "PB目前分位": 0.05,
    "PE目前分位": 14.3585,
    "基准价": 6866.3328,
    "状态": "低估"
  },
  "中证白酒": {
    "PB目前分位": 33.05,
    "PE目前分位": 18.4814,
    "基准价": 10653.936,
    "状态": "低估"
  },
  "中证红利": {
    "PB目前分位": 8.03,
    "PE目前分位": 12.7621,
    "基准价": 4717.3535999999995,
    "状态": "低估"
  },
  "光伏产业": {
    "PB目前分位": 24.11,
    "PE目前分位": 2.1608,
    "基准价": 2330.6784,
    "状态": "低估"
  },
  "军工指数": {
    "PB目前分位": 27.37,
    "PE目前分位": 1.9523,
    "基准价": 1152.5567999999998,
    "状态": "低估"
  },
  "动漫游戏": {
    "PB目前分位": 35.61,
    "PE目前分位": 91.6902,
    "基准价": 1752.96,
    "状态": "考虑卖出"
  },
  "医疗器械": {
    "PB目前分位": 0.04,
    "PE目前分位": 24.805,
    "基准价": 10296.912,
    "状态": "考虑卖出"
  },
  "半导体": {
    "PB目前分位": 39,
    "PE目前分位": 65.6786,
    "基准价": 5326.61,
    "状态": "考虑卖出"
  },
  "新能源车": {
    "PB目前分位": 25.29,
    "PE目前分位": 1.1013,
    "基准价": 2186.4384,
    "状态": "低估"
  },
  "煤炭指数": {
    "PB目前分位": 80.55,
    "PE目前分位": 27.5488,
    "基准价": 3949.93,
    "状态": "考虑卖出"
  },
  "科创50": {
    "PB目前分位": 0.12,
    "PE目前分位": 10.3286,
    "基准价": 745.392,
    "状态": "低估"
  },
  "绿色电力": {
    "PB目前分位": 54.13,
    "PE目前分位": 44.9683,
    "基准价": 1857.2,
    "状态": "考虑卖出"
  },
  "证券公司": {
    "PB目前分位": 1.94,
    "PE目前分位": 34.5455,
    "基准价": 699.17,
    "状态": "考虑卖出"
  }
}