{
  "中证1000": {
    "PB目前分位": 3.04,
    "PE目前分位": 41.5167,
    "基准价": 4392.816000000001,
    "状态": "考虑卖出"
  },
  "中证中药": {
    "PB目前分位": 12.56,
    "PE目前分位": 22.0548,
    "基准价": 9269.472000000002,
    "状态": "考虑卖出"
  },
  "中证医疗": {
    "PB目前分位": 0.76,
    "PE目前分位": 15.5257,
    "基准价": 6229.8816,
    "状态": "低估"
  },
  "中证白酒": {
    "PB目前分位": 30.37,
    "PE目前分位": 18.8479,
    "基准价": 10653.936,
    "状态": "低估"
  },
  "中证红利": {
    "PB目前分位": 20.2,
    "PE目前分位": 37.6847,
    "基准价": 4717.3535999999995,
    "状态": "考虑卖出"
  },
  "光伏产业": {
    "PB目前分位": 14.11,
    "PE目前分位": 20.6002,
    "基准价": 2096.9280000000003,
    "状态": "考虑卖出"
  },
  "军工指数": {
    "PB目前分位": 38.25,
    "PE目前分位": 3.4131,
    "基准价": 1061.6544000000001,
    "状态": "低估"
  },
  "动漫游戏": {
    "PB目前分位": 19.3,
    "PE目前分位": 52.9539,
    "基准价": 1752.96,
    "状态": "考虑卖出"
  },
  "医疗器械": {
    "PB目前分位": 1.25,
    "PE目前分位": 31.0606,
    "基准价": 10296.912,
    "状态": "考虑卖出"
  },
  "半导体": {
    "PB目前分位": 31.29,
    "PE目前分位": 60.3788,
    "基准价": 5326.61,
    "状态": "考虑卖出"
  },
  "新能源车": {
    "PB目前分位": 32.1,
    "PE目前分位": 31.6283,
    "基准价": 1958.1888,
    "状态": "考虑卖出"
  },
  "沪深300": {
    "PB目前分位": 3.7,
    "PE目前分位": 36.3323,
    "基准价": 3516.08,
    "状态": "考虑卖出"
  },
  "煤炭指数": {
    "PB目前分位": 90.36,
    "PE目前分位": 68.3673,
    "基准价": 4951.67,
    "状态": "考虑卖出"
  },
  "科创50": {
    "PB目前分位": 0.54,
    "PE目前分位": 36.2069,
    "基准价": 807.71,
    "状态": "考虑卖出"
  },
  "绿色电力": {
    "PB目前分位": 80.67,
    "PE目前分位": 54.3383,
    "基准价": 1989.17,
    "状态": "考虑卖出"
  },
  "证券公司": {
    "PB目前分位": 1.49,
    "PE目前分位": 57.4677,
    "基准价": 699.17,
    "状态": "考虑卖出"
  }
}