{
  "中证1000": {
    "PB目前分位": 2.55,
    "PE目前分位": 22.0466,
    "基准价": 4392.816000000001,
    "状态": "考虑卖出"
  },
  "中证中药": {
    "PB目前分位": 13.08,
    "PE目前分位": 10.7361,
    "基准价": 9269.472000000002,
    "状态": "低估"
  },
  "中证医疗": {
    "PB目前分位": 0.83,
    "PE目前分位": 15.6566,
    "基准价": 6229.8816,
    "状态": "低估"
  },
  "中证白酒": {
    "PB目前分位": 38.9,
    "PE目前分位": 24.4203,
    "基准价": 10653.936,
    "状态": "考虑卖出"
  },
  "中证红利": {
    "PB目前分位": 19.28,
    "PE目前分位": 30.9874,
    "基准价": 4717.3535999999995,
    "状态": "考虑卖出"
  },
  "光伏产业": {
    "PB目前分位": 20.41,
    "PE目前分位": 2.8061,
    "基准价": 2096.9280000000003,
    "状态": "低估"
  },
  "军工指数": {
    "PB目前分位": 38.85,
    "PE目前分位": 3.8061,
    "基准价": 1061.6544000000001,
    "状态": "低估"
  },
  "动漫游戏": {
    "PB目前分位": 49.61,
    "PE目前分位": 91.1633,
    "基准价": 1752.96,
    "状态": "考虑卖出"
  },
  "医疗器械": {
    "PB目前分位": 2.44,
    "PE目前分位": 29.3844,
    "基准价": 10296.912,
    "状态": "考虑卖出"
  },
  "半导体": {
    "PB目前分位": 44.75,
    "PE目前分位": 73.0933,
    "基准价": 5326.61,
    "状态": "考虑卖出"
  },
  "新能源车": {
    "PB目前分位": 28.18,
    "PE目前分位": 3.495,
    "基准价": 1958.1888,
    "状态": "低估"
  },
  "煤炭指数": {
    "PB目前分位": 92.75,
    "PE目前分位": 50.4847,
    "基准价": 4951.67,
    "状态": "考虑卖出"
  },
  "科创50": {
    "PB目前分位": 3.44,
    "PE目前分位": 49.3685,
    "基准价": 669.792,
    "状态": "考虑卖出"
  },
  "绿色电力": {
    "PB目前分位": 77.12,
    "PE目前分位": 59.2809,
    "基准价": 1857.2,
    "状态": "考虑卖出"
  },
  "证券公司": {
    "PB目前分位": 11.95,
    "PE目前分位": 49.6391,
    "基准价": 699.17,
    "状态": "考虑卖出"
  }
}