{
  "中证1000": {
    "PB目前分位": 3.92,
    "PE目前分位": 26.7214,
    "基准价": 6170.65,
    "状态": "考虑卖出"
  },
  "中证中药": {
    "PB目前分位": 12.2,
    "PE目前分位": 12.1523,
    "基准价": 10086.6048,
    "状态": "低估"
  },
  "中证医疗": {
    "PB目前分位": 0.05,
    "PE目前分位": 11.2703,
    "基准价": 8290.07,
    "状态": "低估"
  },
  "中证白酒": {
    "PB目前分位": 43.17,
    "PE目前分位": 25.8748,
    "基准价": 15361.32,
    "状态": "考虑卖出"
  },
  "中证红利": {
    "PB目前分位": 6.22,
    "PE目前分位": 13.4024,
    "基准价": 4717.3535999999995,
    "状态": "低估"
  },
  "光伏产业": {
    "PB目前分位": 26.1,
    "PE目前分位": 0,
    "基准价": 2662.8192,
    "状态": "低估"
  },
  "军工指数": {
    "PB目前分位": 42.98,
    "PE目前分位": 3.2581,
    "基准价": 1252.1855999999998,
    "状态": "低估"
  },
  "动漫游戏": {
    "PB目前分位": 37.09,
    "PE目前分位": 93.7793,
    "基准价": 1752.96,
    "状态": "考虑卖出"
  },
  "医疗器械": {
    "PB目前分位": 0.12,
    "PE目前分位": 16.6467,
    "基准价": 10296.912,
    "状态": "低估"
  },
  "半导体": {
    "PB目前分位": 47.54,
    "PE目前分位": 59.1437,
    "基准价": 5326.61,
    "状态": "考虑卖出"
  },
  "新能源车": {
    "PB目前分位": 36.73,
    "PE目前分位": 6.0317,
    "基准价": 2414.3711999999996,
    "状态": "低估"
  },
  "煤炭指数": {
    "PB目前分位": 65.46,
    "PE目前分位": 9.552,
    "基准价": 3949.93,
    "状态": "低估"
  },
  "科创50": {
    "PB目前分位": 0,
    "PE目前分位": 0.5083,
    "基准价": 845.952,
    "状态": "低估"
  },
  "绿色电力": {
    "PB目前分位": 60.86,
    "PE目前分位": 67.3984,
    "基准价": 1857.2,
    "状态": "考虑卖出"
  },
  "证券公司": {
    "PB目前分位": 10.04,
    "PE目前分位": 39.5851,
    "基准价": 699.17,
    "状态": "考虑卖出"
  }
}