{
  "中证1000": {
    "PB目前分位": 4.21,
    "PE目前分位": 27.0815,
    "基准价": 6170.65,
    "状态": "考虑卖出"
  },
  "中证中药": {
    "PB目前分位": 16.89,
    "PE目前分位": 15.3589,
    "基准价": 10086.6048,
    "状态": "低估"
  },
  "中证医疗": {
    "PB目前分位": 0.98,
    "PE目前分位": 19.6253,
    "基准价": 7551.3216,
    "状态": "低估"
  },
  "中证白酒": {
    "PB目前分位": 36.57,
    "PE目前分位": 22.8502,
    "基准价": 15361.32,
    "状态": "考虑卖出"
  },
  "中证红利": {
    "PB目前分位": 5.43,
    "PE目前分位": 9.5551,
    "基准价": 4717.3535999999995,
    "状态": "低估"
  },
  "光伏产业": {
    "PB目前分位": 15.36,
    "PE目前分位": 0.0883,
    "基准价": 2330.6784,
    "状态": "低估"
  },
  "军工指数": {
    "PB目前分位": 42.78,
    "PE目前分位": 3.2458,
    "基准价": 1252.1855999999998,
    "状态": "低估"
  },
  "动漫游戏": {
    "PB目前分位": 60.74,
    "PE目前分位": 92.7794,
    "基准价": 1752.96,
    "状态": "考虑卖出"
  },
  "医疗器械": {
    "PB目前分位": 3.94,
    "PE目前分位": 31.2992,
    "基准价": 10296.912,
    "状态": "考虑卖出"
  },
  "半导体": {
    "PB目前分位": 56.02,
    "PE目前分位": 82.6378,
    "基准价": 5326.61,
    "状态": "考虑卖出"
  },
  "新能源车": {
    "PB目前分位": 27.87,
    "PE目前分位": 2.0926,
    "基准价": 2186.4384,
    "状态": "低估"
  },
  "煤炭指数": {
    "PB目前分位": 74.07,
    "PE目前分位": 20.0948,
    "基准价": 3949.93,
    "状态": "考虑卖出"
  },
  "科创50": {
    "PB目前分位": 3.62,
    "PE目前分位": 47.1014,
    "基准价": 845.952,
    "状态": "考虑卖出"
  },
  "绿色电力": {
    "PB目前分位": 59.21,
    "PE目前分位": 56.2328,
    "基准价": 1857.2,
    "状态": "考虑卖出"
  },
  "证券公司": {
    "PB目前分位": 12.69,
    "PE目前分位": 48.3476,
    "基准价": 699.17,
    "状态": "考虑卖出"
  }
}