{"中证中药": {"危险分位": 31.02432356, "机会分位": 28.92636264, "目前分位": 27.80049915, "基准价": 11410.3496}, "中证1000": {"危险分位": 41.77458744, "机会分位": 36.13753274, "目前分位": 35.88847818, "基准价": 6117.1552}, "动漫游戏": {"危险分位": 34.64968523, "机会分位": 29.72013802, "目前分位": 548.5428101, "基准价": 1846.4160000000002}, "科创50": {"危险分位": 53.239287610000005, "机会分位": 43.041101133, "目前分位": 40.63223569, "基准价": 918.3096}, "中证红利": {"危险分位": 7.77017845, "机会分位": 6.5326629, "目前分位": 5.87583978, "基准价": 5277.0952}, "半导体": {"危险分位": 79.90140139, "机会分位": 62.47447418, "目前分位": 65.50718223, "基准价": 2987.948}, "煤炭指数": {"危险分位": 10.60587989, "机会分位": 9.38963549, "目前分位": 6.47513477, "基准价": 3731.0416}, "证券公司": {"危险分位": 22.18239219, "机会分位": 19.63082261, "目前分位": 21.39503393, "基准价": 701.24}, "绿色电力": {"危险分位": 18.37318087, "机会分位": 16.3653814, "目前分位": 21.97443695, "基准价": 1857.742}, "光伏产业": {"危险分位": 33.542009930000006, "机会分位": 30.249812132, "目前分位": 14.00335678, "基准价": 3288.0536}, "医疗器械": {"危险分位": 54.26799901, "机会分位": 37.98312797, "目前分位": 26.65619936, "基准价": 11679.044}, "军工指数": {"危险分位": 67.96654344, "机会分位": 58.11733376, "目前分位": 50.92868759, "基准价": 1480.0136}, "中证白酒": {"危险分位": 31.10966074, "机会分位": 27.48341393, "目前分位": 29.96207235, "基准价": 2794.94}, "中证医疗": {"危险分位": 56.8899404, "机会分位": 40.8579315, "目前分位": 29.59905507, "基准价": 7934.385}, "新能源车": {"危险分位": 45.19227952, "机会分位": 24.69517755, "目前分位": 19.67212723, "基准价": 2889.9728}}