{
  "中证1000": {
    "PB目前分位": 10.73,
    "PE目前分位": 44.9072,
    "基准价": 6170.65,
    "状态": "考虑卖出"
  },
  "中证中药": {
    "PB目前分位": 18.01,
    "PE目前分位": 15.3995,
    "基准价": 10086.6048,
    "状态": "低估"
  },
  "中证医疗": {
    "PB目前分位": 2.61,
    "PE目前分位": 21.2322,
    "基准价": 7551.3216,
    "状态": "考虑卖出"
  },
  "中证白酒": {
    "PB目前分位": 47.33,
    "PE目前分位": 28.8509,
    "基准价": 15361.32,
    "状态": "考虑卖出"
  },
  "中证红利": {
    "PB目前分位": 1.91,
    "PE目前分位": 11.4833,
    "基准价": 4717.3535999999995,
    "状态": "低估"
  },
  "光伏产业": {
    "PB目前分位": 26.26,
    "PE目前分位": 2.6173,
    "基准价": 2662.8192,
    "状态": "低估"
  },
  "军工指数": {
    "PB目前分位": 46.37,
    "PE目前分位": 4.1222,
    "基准价": 1252.1855999999998,
    "状态": "低估"
  },
  "动漫游戏": {
    "PB目前分位": 57.15,
    "PE目前分位": 92.3837,
    "基准价": 1752.96,
    "状态": "考虑卖出"
  },
  "医疗器械": {
    "PB目前分位": 3.54,
    "PE目前分位": 28.7078,
    "基准价": 10296.912,
    "状态": "考虑卖出"
  },
  "半导体": {
    "PB目前分位": 58.33,
    "PE目前分位": 86.4016,
    "基准价": 5326.61,
    "状态": "考虑卖出"
  },
  "新能源车": {
    "PB目前分位": 36.74,
    "PE目前分位": 10.3557,
    "基准价": 2414.3711999999996,
    "状态": "低估"
  },
  "煤炭指数": {
    "PB目前分位": 65.33,
    "PE目前分位": 14.2068,
    "基准价": 3949.93,
    "状态": "低估"
  },
  "科创50": {
    "PB目前分位": 5.48,
    "PE目前分位": 47.4471,
    "基准价": 845.952,
    "状态": "考虑卖出"
  },
  "绿色电力": {
    "PB目前分位": 57.77,
    "PE目前分位": 55.8183,
    "基准价": 1857.2,
    "状态": "考虑卖出"
  },
  "证券公司": {
    "PB目前分位": 19.21,
    "PE目前分位": 52.9678,
    "基准价": 699.17,
    "状态": "考虑卖出"
  }
}