{
  "中证1000": {
    "PB目前分位": 0.89,
    "PE目前分位": 23.7447,
    "基准价": 4392.816000000001,
    "状态": "考虑卖出"
  },
  "中证中药": {
    "PB目前分位": 7.62,
    "PE目前分位": 13.7353,
    "基准价": 9269.472000000002,
    "状态": "低估"
  },
  "中证医疗": {
    "PB目前分位": 0.31,
    "PE目前分位": 8.9294,
    "基准价": 6229.8816,
    "状态": "低估"
  },
  "中证白酒": {
    "PB目前分位": 26.49,
    "PE目前分位": 12.3513,
    "基准价": 10653.936,
    "状态": "低估"
  },
  "中证红利": {
    "PB目前分位": 16.93,
    "PE目前分位": 33.415,
    "基准价": 4717.3535999999995,
    "状态": "考虑卖出"
  },
  "光伏产业": {
    "PB目前分位": 2.96,
    "PE目前分位": 19.5356,
    "基准价": 2096.9280000000003,
    "状态": "低估"
  },
  "军工指数": {
    "PB目前分位": 42.06,
    "PE目前分位": 3.9538,
    "基准价": 1061.6544000000001,
    "状态": "低估"
  },
  "动漫游戏": {
    "PB目前分位": 13,
    "PE目前分位": 46.8028,
    "基准价": 1752.96,
    "状态": "考虑卖出"
  },
  "医疗器械": {
    "PB目前分位": 0.56,
    "PE目前分位": 25.866,
    "基准价": 10296.912,
    "状态": "考虑卖出"
  },
  "半导体": {
    "PB目前分位": 44.13,
    "PE目前分位": 71.3102,
    "基准价": 5326.61,
    "状态": "考虑卖出"
  },
  "新能源车": {
    "PB目前分位": 33.87,
    "PE目前分位": 32.0491,
    "基准价": 1958.1888,
    "状态": "考虑卖出"
  },
  "沪深300": {
    "PB目前分位": 3.13,
    "PE目前分位": 30.3089,
    "基准价": 3516.08,
    "状态": "考虑卖出"
  },
  "煤炭指数": {
    "PB目前分位": 90.48,
    "PE目前分位": 68.7194,
    "基准价": 4951.67,
    "状态": "考虑卖出"
  },
  "科创50": {
    "PB目前分位": 5.61,
    "PE目前分位": 55.5085,
    "基准价": 807.71,
    "状态": "考虑卖出"
  },
  "绿色电力": {
    "PB目前分位": 86.77,
    "PE目前分位": 63.6641,
    "基准价": 2115.99,
    "状态": "考虑卖出"
  },
  "证券公司": {
    "PB目前分位": 0.82,
    "PE目前分位": 54.5384,
    "基准价": 699.17,
    "状态": "考虑卖出"
  }
}