{
  "中证1000": {
    "PB目前分位": 8.26,
    "PE目前分位": 46.1434,
    "基准价": 6170.65,
    "状态": "考虑卖出"
  },
  "中证中药": {
    "PB目前分位": 18.98,
    "PE目前分位": 15.7767,
    "基准价": 10086.6048,
    "状态": "低估"
  },
  "中证医疗": {
    "PB目前分位": 3.09,
    "PE目前分位": 21.5202,
    "基准价": 7551.3216,
    "状态": "考虑卖出"
  },
  "中证白酒": {
    "PB目前分位": 51.03,
    "PE目前分位": 30.6373,
    "基准价": 15361.32,
    "状态": "考虑卖出"
  },
  "中证红利": {
    "PB目前分位": 1.29,
    "PE目前分位": 10.2507,
    "基准价": 4717.3535999999995,
    "状态": "低估"
  },
  "光伏产业": {
    "PB目前分位": 26.11,
    "PE目前分位": 1.8132,
    "基准价": 2662.8192,
    "状态": "低估"
  },
  "军工指数": {
    "PB目前分位": 43.29,
    "PE目前分位": 3.5767,
    "基准价": 1252.1855999999998,
    "状态": "低估"
  },
  "动漫游戏": {
    "PB目前分位": 56.09,
    "PE目前分位": 92.3032,
    "基准价": 1752.96,
    "状态": "考虑卖出"
  },
  "医疗器械": {
    "PB目前分位": 2.91,
    "PE目前分位": 28.1673,
    "基准价": 10296.912,
    "状态": "考虑卖出"
  },
  "半导体": {
    "PB目前分位": 58.37,
    "PE目前分位": 73.0677,
    "基准价": 5326.61,
    "状态": "考虑卖出"
  },
  "新能源车": {
    "PB目前分位": 37.09,
    "PE目前分位": 11.9585,
    "基准价": 2414.3711999999996,
    "状态": "低估"
  },
  "煤炭指数": {
    "PB目前分位": 58.7,
    "PE目前分位": 12.3525,
    "基准价": 3949.93,
    "状态": "低估"
  },
  "科创50": {
    "PB目前分位": 4.64,
    "PE目前分位": 37.594,
    "基准价": 845.952,
    "状态": "考虑卖出"
  },
  "绿色电力": {
    "PB目前分位": 56.97,
    "PE目前分位": 55.3903,
    "基准价": 1857.2,
    "状态": "考虑卖出"
  },
  "证券公司": {
    "PB目前分位": 19.17,
    "PE目前分位": 52.912,
    "基准价": 699.17,
    "状态": "考虑卖出"
  }
}