{
  "中证1000": {
    "PB目前分位": 0.97,
    "PE目前分位": 20.1847,
    "基准价": 4392.816000000001,
    "状态": "考虑卖出"
  },
  "中证中药": {
    "PB目前分位": 12.21,
    "PE目前分位": 10.0469,
    "基准价": 9269.472000000002,
    "状态": "低估"
  },
  "中证医疗": {
    "PB目前分位": 0.55,
    "PE目前分位": 13.977,
    "基准价": 6229.8816,
    "状态": "低估"
  },
  "中证白酒": {
    "PB目前分位": 40.52,
    "PE目前分位": 25.4976,
    "基准价": 10653.936,
    "状态": "考虑卖出"
  },
  "中证红利": {
    "PB目前分位": 20.45,
    "PE目前分位": 31.4162,
    "基准价": 4717.3535999999995,
    "状态": "考虑卖出"
  },
  "光伏产业": {
    "PB目前分位": 17.99,
    "PE目前分位": 1.5345,
    "基准价": 2096.9280000000003,
    "状态": "低估"
  },
  "军工指数": {
    "PB目前分位": 34.44,
    "PE目前分位": 3.1991,
    "基准价": 1061.6544000000001,
    "状态": "低估"
  },
  "动漫游戏": {
    "PB目前分位": 37.2,
    "PE目前分位": 90.5882,
    "基准价": 1752.96,
    "状态": "考虑卖出"
  },
  "医疗器械": {
    "PB目前分位": 1.36,
    "PE目前分位": 27.6357,
    "基准价": 10296.912,
    "状态": "考虑卖出"
  },
  "半导体": {
    "PB目前分位": 39.84,
    "PE目前分位": 69.3798,
    "基准价": 5326.61,
    "状态": "考虑卖出"
  },
  "新能源车": {
    "PB目前分位": 25.33,
    "PE目前分位": 1.4436,
    "基准价": 1958.1888,
    "状态": "低估"
  },
  "煤炭指数": {
    "PB目前分位": 94.93,
    "PE目前分位": 57.4766,
    "基准价": 4951.67,
    "状态": "考虑卖出"
  },
  "科创50": {
    "PB目前分位": 1.96,
    "PE目前分位": 21.3134,
    "基准价": 669.792,
    "状态": "考虑卖出"
  },
  "绿色电力": {
    "PB目前分位": 80.51,
    "PE目前分位": 62.0612,
    "基准价": 1857.2,
    "状态": "考虑卖出"
  },
  "证券公司": {
    "PB目前分位": 10.64,
    "PE目前分位": 47.9727,
    "基准价": 699.17,
    "状态": "考虑卖出"
  }
}