{
  "中证1000": {
    "PB目前分位": 5.56,
    "PE目前分位": 46.4024,
    "基准价": 4392.816000000001,
    "状态": "考虑卖出"
  },
  "中证中药": {
    "PB目前分位": 19.75,
    "PE目前分位": 27.5149,
    "基准价": 9269.472000000002,
    "状态": "考虑卖出"
  },
  "中证医疗": {
    "PB目前分位": 1.4,
    "PE目前分位": 18.9919,
    "基准价": 6229.8816,
    "状态": "低估"
  },
  "中证白酒": {
    "PB目前分位": 32.82,
    "PE目前分位": 22.7167,
    "基准价": 10653.936,
    "状态": "考虑卖出"
  },
  "中证红利": {
    "PB目前分位": 17.21,
    "PE目前分位": 33.8989,
    "基准价": 4717.3535999999995,
    "状态": "考虑卖出"
  },
  "光伏产业": {
    "PB目前分位": 12.7,
    "PE目前分位": 20.1639,
    "基准价": 2096.9280000000003,
    "状态": "考虑卖出"
  },
  "军工指数": {
    "PB目前分位": 37.96,
    "PE目前分位": 3.3227,
    "基准价": 1061.6544000000001,
    "状态": "低估"
  },
  "动漫游戏": {
    "PB目前分位": 36.24,
    "PE目前分位": 59.607,
    "基准价": 1752.96,
    "状态": "考虑卖出"
  },
  "医疗器械": {
    "PB目前分位": 3.31,
    "PE目前分位": 33.917,
    "基准价": 10296.912,
    "状态": "考虑卖出"
  },
  "半导体": {
    "PB目前分位": 39.28,
    "PE目前分位": 62.086,
    "基准价": 5326.61,
    "状态": "考虑卖出"
  },
  "新能源车": {
    "PB目前分位": 35.88,
    "PE目前分位": 34.0334,
    "基准价": 1958.1888,
    "状态": "考虑卖出"
  },
  "沪深300": {
    "PB目前分位": 3.73,
    "PE目前分位": 36.758,
    "基准价": 3516.08,
    "状态": "考虑卖出"
  },
  "煤炭指数": {
    "PB目前分位": 85.54,
    "PE目前分位": 63.0965,
    "基准价": 4951.67,
    "状态": "考虑卖出"
  },
  "科创50": {
    "PB目前分位": 2.84,
    "PE目前分位": 46.5574,
    "基准价": 807.71,
    "状态": "考虑卖出"
  },
  "绿色电力": {
    "PB目前分位": 81,
    "PE目前分位": 54.4733,
    "基准价": 1989.17,
    "状态": "考虑卖出"
  },
  "证券公司": {
    "PB目前分位": 4.69,
    "PE目前分位": 60.9141,
    "基准价": 699.17,
    "状态": "考虑卖出"
  }
}