{
  "中证1000": {
    "PB目前分位": 2.44,
    "PE目前分位": 39.3926,
    "基准价": 4392.816000000001,
    "状态": "考虑卖出"
  },
  "中证中药": {
    "PB目前分位": 11.67,
    "PE目前分位": 21.4676,
    "基准价": 9269.472000000002,
    "状态": "考虑卖出"
  },
  "中证医疗": {
    "PB目前分位": 0.45,
    "PE目前分位": 12.1036,
    "基准价": 6229.8816,
    "状态": "低估"
  },
  "中证白酒": {
    "PB目前分位": 29.48,
    "PE目前分位": 16.6513,
    "基准价": 10653.936,
    "状态": "低估"
  },
  "中证红利": {
    "PB目前分位": 21.22,
    "PE目前分位": 39.5292,
    "基准价": 4717.3535999999995,
    "状态": "考虑卖出"
  },
  "光伏产业": {
    "PB目前分位": 14.31,
    "PE目前分位": 20.7761,
    "基准价": 2096.9280000000003,
    "状态": "考虑卖出"
  },
  "军工指数": {
    "PB目前分位": 35.14,
    "PE目前分位": 2.6353,
    "基准价": 1061.6544000000001,
    "状态": "低估"
  },
  "动漫游戏": {
    "PB目前分位": 16.55,
    "PE目前分位": 51.5414,
    "基准价": 1752.96,
    "状态": "考虑卖出"
  },
  "医疗器械": {
    "PB目前分位": 0.72,
    "PE目前分位": 28.4418,
    "基准价": 10296.912,
    "状态": "考虑卖出"
  },
  "半导体": {
    "PB目前分位": 31.73,
    "PE目前分位": 60.7791,
    "基准价": 5326.61,
    "状态": "考虑卖出"
  },
  "新能源车": {
    "PB目前分位": 31.7,
    "PE目前分位": 31.5319,
    "基准价": 1958.1888,
    "状态": "考虑卖出"
  },
  "沪深300": {
    "PB目前分位": 3.74,
    "PE目前分位": 36.2796,
    "基准价": 3516.08,
    "状态": "考虑卖出"
  },
  "煤炭指数": {
    "PB目前分位": 92.94,
    "PE目前分位": 70.6254,
    "基准价": 4951.67,
    "状态": "考虑卖出"
  },
  "科创50": {
    "PB目前分位": 0.64,
    "PE目前分位": 32.8326,
    "基准价": 807.71,
    "状态": "考虑卖出"
  },
  "绿色电力": {
    "PB目前分位": 87.23,
    "PE目前分位": 63.4733,
    "基准价": 1989.17,
    "状态": "考虑卖出"
  },
  "证券公司": {
    "PB目前分位": 0.74,
    "PE目前分位": 56.8689,
    "基准价": 699.17,
    "状态": "考虑卖出"
  }
}