{
  "中证1000": {
    "PB目前分位": 0,
    "PE目前分位": 10.7726,
    "基准价": 4392.816000000001,
    "状态": "低估"
  },
  "中证中药": {
    "PB目前分位": 2.36,
    "PE目前分位": 4.9033,
    "基准价": 9269.472000000002,
    "状态": "低估"
  },
  "中证医疗": {
    "PB目前分位": 0.05,
    "PE目前分位": 8.6796,
    "基准价": 6229.8816,
    "状态": "低估"
  },
  "中证白酒": {
    "PB目前分位": 32.13,
    "PE目前分位": 17.2775,
    "基准价": 10653.936,
    "状态": "低估"
  },
  "中证红利": {
    "PB目前分位": 15.47,
    "PE目前分位": 26.181,
    "基准价": 4717.3535999999995,
    "状态": "考虑卖出"
  },
  "光伏产业": {
    "PB目前分位": 6.01,
    "PE目前分位": 0.0859,
    "基准价": 2330.6784,
    "状态": "低估"
  },
  "军工指数": {
    "PB目前分位": 24.74,
    "PE目前分位": 1.4785,
    "基准价": 1061.6544000000001,
    "状态": "低估"
  },
  "动漫游戏": {
    "PB目前分位": 17.85,
    "PE目前分位": 90.9347,
    "基准价": 1752.96,
    "状态": "考虑卖出"
  },
  "医疗器械": {
    "PB目前分位": 0.04,
    "PE目前分位": 21.5869,
    "基准价": 10296.912,
    "状态": "考虑卖出"
  },
  "半导体": {
    "PB目前分位": 26.33,
    "PE目前分位": 59.5877,
    "基准价": 5326.61,
    "状态": "考虑卖出"
  },
  "新能源车": {
    "PB目前分位": 23.1,
    "PE目前分位": 0,
    "基准价": 1958.1888,
    "状态": "低估"
  },
  "煤炭指数": {
    "PB目前分位": 87.16,
    "PE目前分位": 39.524,
    "基准价": 3949.93,
    "状态": "考虑卖出"
  },
  "科创50": {
    "PB目前分位": 0.12,
    "PE目前分位": 1.0477,
    "基准价": 669.792,
    "状态": "低估"
  },
  "绿色电力": {
    "PB目前分位": 69.05,
    "PE目前分位": 51.0167,
    "基准价": 1857.2,
    "状态": "考虑卖出"
  },
  "证券公司": {
    "PB目前分位": 2.78,
    "PE目前分位": 38.1547,
    "基准价": 699.17,
    "状态": "考虑卖出"
  }
}