{
  "中证1000": {
    "PB目前分位": 1.3,
    "PE目前分位": 17.9266,
    "基准价": 4392.816000000001,
    "状态": "低估"
  },
  "中证中药": {
    "PB目前分位": 15.48,
    "PE目前分位": 19.1156,
    "基准价": 9269.472000000002,
    "状态": "低估"
  },
  "中证医疗": {
    "PB目前分位": 0.27,
    "PE目前分位": 8.8448,
    "基准价": 6229.8816,
    "状态": "低估"
  },
  "中证白酒": {
    "PB目前分位": 41.79,
    "PE目前分位": 24.7792,
    "基准价": 10653.936,
    "状态": "考虑卖出"
  },
  "中证红利": {
    "PB目前分位": 21.36,
    "PE目前分位": 34.0064,
    "基准价": 4717.3535999999995,
    "状态": "考虑卖出"
  },
  "光伏产业": {
    "PB目前分位": 5.27,
    "PE目前分位": 1.4003,
    "基准价": 2096.9280000000003,
    "状态": "低估"
  },
  "军工指数": {
    "PB目前分位": 38.12,
    "PE目前分位": 4.0028,
    "基准价": 1061.6544000000001,
    "状态": "低估"
  },
  "动漫游戏": {
    "PB目前分位": 21.47,
    "PE目前分位": 84.2826,
    "基准价": 1752.96,
    "状态": "考虑卖出"
  },
  "医疗器械": {
    "PB目前分位": 0.5,
    "PE目前分位": 22.1671,
    "基准价": 10296.912,
    "状态": "考虑卖出"
  },
  "半导体": {
    "PB目前分位": 30.41,
    "PE目前分位": 61.5032,
    "基准价": 5326.61,
    "状态": "考虑卖出"
  },
  "新能源车": {
    "PB目前分位": 28.19,
    "PE目前分位": 12.0756,
    "基准价": 1958.1888,
    "状态": "低估"
  },
  "沪深300": {
    "PB目前分位": 3.89,
    "PE目前分位": 25.5889,
    "基准价": 3516.08,
    "状态": "考虑卖出"
  },
  "煤炭指数": {
    "PB目前分位": 89.69,
    "PE目前分位": 50.8324,
    "基准价": 4951.67,
    "状态": "考虑卖出"
  },
  "科创50": {
    "PB目前分位": 0.55,
    "PE目前分位": 25.5226,
    "基准价": 807.71,
    "状态": "考虑卖出"
  },
  "绿色电力": {
    "PB目前分位": 84.31,
    "PE目前分位": 63.544,
    "基准价": 1989.17,
    "状态": "考虑卖出"
  },
  "证券公司": {
    "PB目前分位": 0.63,
    "PE目前分位": 39.613,
    "基准价": 699.17,
    "状态": "考虑卖出"
  }
}