{"中证中药": {"危险分位": 31.05989192, "机会分位": 28.87994263, "目前分位": 27.26058261, "基准价": 11410.3496}, "中证1000": {"危险分位": 41.85517132, "机会分位": 36.16691368, "目前分位": 34.52836115, "基准价": 6117.1552}, "动漫游戏": {"危险分位": 34.64968523, "机会分位": 29.79327779, "目前分位": 637.56694078, "基准价": 1846.4160000000002}, "科创50": {"危险分位": 53.430647535, "机会分位": 43.095674366000004, "目前分位": 39.55023414, "基准价": 918.3096}, "中证红利": {"危险分位": 7.76035403, "机会分位": 6.49840665, "目前分位": 5.93465228, "基准价": 5277.0952}, "半导体": {"危险分位": 79.90140139, "机会分位": 62.47447418, "目前分位": 65.50718223, "基准价": 2987.948}, "煤炭指数": {"危险分位": 10.59537673, "机会分位": 9.37594833, "目前分位": 6.46607231, "基准价": 3731.0416}, "证券公司": {"危险分位": 22.18239219, "机会分位": 19.63082261, "目前分位": 21.39503393, "基准价": 701.24}, "绿色电力": {"危险分位": 18.38405028, "机会分位": 16.34904219, "目前分位": 21.9505527, "基准价": 1857.742}, "光伏产业": {"危险分位": 33.570153485000006, "机会分位": 30.148850588999995, "目前分位": 13.71896426, "基准价": 3288.0536}, "医疗器械": {"危险分位": 54.00537052, "机会分位": 37.68219635, "目前分位": 25.97970764, "基准价": 11679.044}, "军工指数": {"危险分位": 68.08405389, "机会分位": 58.66151509, "目前分位": 49.7011573, "基准价": 1480.0136}, "中证白酒": {"危险分位": 31.10966074, "机会分位": 27.48341393, "目前分位": 29.96207235, "基准价": 2794.94}, "中证医疗": {"危险分位": 56.66417647, "机会分位": 40.66661775, "目前分位": 29.01382544, "基准价": 7934.385}, "新能源车": {"危险分位": 45.50344913, "机会分位": 24.85052802, "目前分位": 19.47468879, "基准价": 2889.9728}}