{
  "中证1000": {
    "PB目前分位": 2.94,
    "PE目前分位": 23.3541,
    "基准价": 6170.65,
    "状态": "考虑卖出"
  },
  "中证中药": {
    "PB目前分位": 15.02,
    "PE目前分位": 14.2586,
    "基准价": 10086.6048,
    "状态": "低估"
  },
  "中证医疗": {
    "PB目前分位": 0.05,
    "PE目前分位": 16.5193,
    "基准价": 7551.3216,
    "状态": "低估"
  },
  "中证白酒": {
    "PB目前分位": 33.97,
    "PE目前分位": 20.6334,
    "基准价": 15361.32,
    "状态": "考虑卖出"
  },
  "中证红利": {
    "PB目前分位": 11.76,
    "PE目前分位": 18.5051,
    "基准价": 4717.3535999999995,
    "状态": "低估"
  },
  "光伏产业": {
    "PB目前分位": 23.02,
    "PE目前分位": 1.6565,
    "基准价": 2330.6784,
    "状态": "低估"
  },
  "军工指数": {
    "PB目前分位": 37.59,
    "PE目前分位": 2.8302,
    "基准价": 1252.1855999999998,
    "状态": "低估"
  },
  "动漫游戏": {
    "PB目前分位": 37.86,
    "PE目前分位": 91.9841,
    "基准价": 1752.96,
    "状态": "考虑卖出"
  },
  "医疗器械": {
    "PB目前分位": 2.39,
    "PE目前分位": 29.953,
    "基准价": 10296.912,
    "状态": "考虑卖出"
  },
  "半导体": {
    "PB目前分位": 43.38,
    "PE目前分位": 68.794,
    "基准价": 5326.61,
    "状态": "考虑卖出"
  },
  "新能源车": {
    "PB目前分位": 28.5,
    "PE目前分位": 2.4779,
    "基准价": 2186.4384,
    "状态": "低估"
  },
  "煤炭指数": {
    "PB目前分位": 84.58,
    "PE目前分位": 33.5994,
    "基准价": 3949.93,
    "状态": "考虑卖出"
  },
  "科创50": {
    "PB目前分位": 0,
    "PE目前分位": 22.0903,
    "基准价": 845.952,
    "状态": "考虑卖出"
  },
  "绿色电力": {
    "PB目前分位": 68.85,
    "PE目前分位": 61.5209,
    "基准价": 1857.2,
    "状态": "考虑卖出"
  },
  "证券公司": {
    "PB目前分位": 3.25,
    "PE目前分位": 36.4706,
    "基准价": 699.17,
    "状态": "考虑卖出"
  }
}