{
  "中证1000": {
    "PB目前分位": 3.24,
    "PE目前分位": 23.9556,
    "基准价": 6170.65,
    "状态": "考虑卖出"
  },
  "中证中药": {
    "PB目前分位": 12.73,
    "PE目前分位": 13.0104,
    "基准价": 10086.6048,
    "状态": "低估"
  },
  "中证医疗": {
    "PB目前分位": 0.46,
    "PE目前分位": 17.7127,
    "基准价": 7551.3216,
    "状态": "低估"
  },
  "中证白酒": {
    "PB目前分位": 34.52,
    "PE目前分位": 21.1889,
    "基准价": 15361.32,
    "状态": "考虑卖出"
  },
  "中证红利": {
    "PB目前分位": 9.14,
    "PE目前分位": 14.1769,
    "基准价": 4717.3535999999995,
    "状态": "低估"
  },
  "光伏产业": {
    "PB目前分位": 24.98,
    "PE目前分位": 2.611,
    "基准价": 2330.6784,
    "状态": "低估"
  },
  "军工指数": {
    "PB目前分位": 38.14,
    "PE目前分位": 2.9369,
    "基准价": 1252.1855999999998,
    "状态": "低估"
  },
  "动漫游戏": {
    "PB目前分位": 39.69,
    "PE目前分位": 92.2203,
    "基准价": 1752.96,
    "状态": "考虑卖出"
  },
  "医疗器械": {
    "PB目前分位": 2.82,
    "PE目前分位": 30.3599,
    "基准价": 10296.912,
    "状态": "考虑卖出"
  },
  "半导体": {
    "PB目前分位": 43.7,
    "PE目前分位": 69.0923,
    "基准价": 5326.61,
    "状态": "考虑卖出"
  },
  "新能源车": {
    "PB目前分位": 32.23,
    "PE目前分位": 5.305,
    "基准价": 2186.4384,
    "状态": "低估"
  },
  "煤炭指数": {
    "PB目前分位": 81.8,
    "PE目前分位": 28.789,
    "基准价": 3949.93,
    "状态": "考虑卖出"
  },
  "科创50": {
    "PB目前分位": 0.36,
    "PE目前分位": 24.1706,
    "基准价": 845.952,
    "状态": "考虑卖出"
  },
  "绿色电力": {
    "PB目前分位": 66.29,
    "PE目前分位": 60.2821,
    "基准价": 1857.2,
    "状态": "考虑卖出"
  },
  "证券公司": {
    "PB目前分位": 3.61,
    "PE目前分位": 37.0896,
    "基准价": 699.17,
    "状态": "考虑卖出"
  }
}