{
  "中证1000": {
    "PB目前分位": 6.18,
    "PE目前分位": 44.1417,
    "基准价": 6170.65,
    "状态": "考虑卖出"
  },
  "中证中药": {
    "PB目前分位": 16.76,
    "PE目前分位": 14.8202,
    "基准价": 10086.6048,
    "状态": "低估"
  },
  "中证医疗": {
    "PB目前分位": 1.38,
    "PE目前分位": 20.7323,
    "基准价": 7551.3216,
    "状态": "考虑卖出"
  },
  "中证白酒": {
    "PB目前分位": 52.31,
    "PE目前分位": 31.4524,
    "基准价": 15361.32,
    "状态": "考虑卖出"
  },
  "中证红利": {
    "PB目前分位": 1.73,
    "PE目前分位": 11.3653,
    "基准价": 4717.3535999999995,
    "状态": "低估"
  },
  "光伏产业": {
    "PB目前分位": 24.8,
    "PE目前分位": 0.7266,
    "基准价": 2662.8192,
    "状态": "低估"
  },
  "军工指数": {
    "PB目前分位": 42.29,
    "PE目前分位": 3.321,
    "基准价": 1252.1855999999998,
    "状态": "低估"
  },
  "动漫游戏": {
    "PB目前分位": 48.92,
    "PE目前分位": 91.2434,
    "基准价": 1752.96,
    "状态": "考虑卖出"
  },
  "医疗器械": {
    "PB目前分位": 2.31,
    "PE目前分位": 27.4721,
    "基准价": 10296.912,
    "状态": "考虑卖出"
  },
  "半导体": {
    "PB目前分位": 56.74,
    "PE目前分位": 71.252,
    "基准价": 5326.61,
    "状态": "考虑卖出"
  },
  "新能源车": {
    "PB目前分位": 36.72,
    "PE目前分位": 10.2529,
    "基准价": 2414.3711999999996,
    "状态": "低估"
  },
  "煤炭指数": {
    "PB目前分位": 61.85,
    "PE目前分位": 13.1734,
    "基准价": 3949.93,
    "状态": "低估"
  },
  "科创50": {
    "PB目前分位": 2.51,
    "PE目前分位": 31.5327,
    "基准价": 845.952,
    "状态": "考虑卖出"
  },
  "绿色电力": {
    "PB目前分位": 60.33,
    "PE目前分位": 56.8372,
    "基准价": 1857.2,
    "状态": "考虑卖出"
  },
  "证券公司": {
    "PB目前分位": 12.65,
    "PE目前分位": 47.7883,
    "基准价": 699.17,
    "状态": "考虑卖出"
  }
}