{
  "中证1000": {
    "PB目前分位": 5.67,
    "PE目前分位": 46.309,
    "基准价": 4392.816000000001,
    "状态": "考虑卖出"
  },
  "中证中药": {
    "PB目前分位": 17.66,
    "PE目前分位": 25.1144,
    "基准价": 9269.472000000002,
    "状态": "考虑卖出"
  },
  "中证医疗": {
    "PB目前分位": 1.17,
    "PE目前分位": 17.481,
    "基准价": 6229.8816,
    "状态": "低估"
  },
  "中证白酒": {
    "PB目前分位": 31.63,
    "PE目前分位": 21.4681,
    "基准价": 10653.936,
    "状态": "考虑卖出"
  },
  "中证红利": {
    "PB目前分位": 19.13,
    "PE目前分位": 36.2227,
    "基准价": 4717.3535999999995,
    "状态": "考虑卖出"
  },
  "光伏产业": {
    "PB目前分位": 7.57,
    "PE目前分位": 19.9349,
    "基准价": 2096.9280000000003,
    "状态": "低估"
  },
  "军工指数": {
    "PB目前分位": 41.09,
    "PE目前分位": 4.0874,
    "基准价": 1061.6544000000001,
    "状态": "低估"
  },
  "动漫游戏": {
    "PB目前分位": 25.8,
    "PE目前分位": 54.9158,
    "基准价": 1752.96,
    "状态": "考虑卖出"
  },
  "医疗器械": {
    "PB目前分位": 1.93,
    "PE目前分位": 32.4734,
    "基准价": 10296.912,
    "状态": "考虑卖出"
  },
  "半导体": {
    "PB目前分位": 34.03,
    "PE目前分位": 62.2155,
    "基准价": 5326.61,
    "状态": "考虑卖出"
  },
  "新能源车": {
    "PB目前分位": 34.03,
    "PE目前分位": 32.3655,
    "基准价": 1958.1888,
    "状态": "考虑卖出"
  },
  "沪深300": {
    "PB目前分位": 4.22,
    "PE目前分位": 37.7424,
    "基准价": 3516.08,
    "状态": "考虑卖出"
  },
  "煤炭指数": {
    "PB目前分位": 86.43,
    "PE目前分位": 64.482,
    "基准价": 4951.67,
    "状态": "考虑卖出"
  },
  "科创50": {
    "PB目前分位": 1.84,
    "PE目前分位": 43.7229,
    "基准价": 807.71,
    "状态": "考虑卖出"
  },
  "绿色电力": {
    "PB目前分位": 79.98,
    "PE目前分位": 53.5119,
    "基准价": 1989.17,
    "状态": "考虑卖出"
  },
  "证券公司": {
    "PB目前分位": 3.93,
    "PE目前分位": 59.6388,
    "基准价": 699.17,
    "状态": "考虑卖出"
  }
}