{
  "中证1000": {
    "PB目前分位": 0.22,
    "PE目前分位": 11.5029,
    "基准价": 4392.816000000001,
    "状态": "低估"
  },
  "中证中药": {
    "PB目前分位": 8.89,
    "PE目前分位": 8.4235,
    "基准价": 9269.472000000002,
    "状态": "低估"
  },
  "中证医疗": {
    "PB目前分位": 0.41,
    "PE目前分位": 14.424,
    "基准价": 6229.8816,
    "状态": "低估"
  },
  "中证白酒": {
    "PB目前分位": 37.01,
    "PE目前分位": 23.5629,
    "基准价": 10653.936,
    "状态": "考虑卖出"
  },
  "中证红利": {
    "PB目前分位": 17.07,
    "PE目前分位": 29.5283,
    "基准价": 4717.3535999999995,
    "状态": "考虑卖出"
  },
  "光伏产业": {
    "PB目前分位": 10.53,
    "PE目前分位": 0.5137,
    "基准价": 2096.9280000000003,
    "状态": "低估"
  },
  "军工指数": {
    "PB目前分位": 30.54,
    "PE目前分位": 2.4127,
    "基准价": 1061.6544000000001,
    "状态": "低估"
  },
  "动漫游戏": {
    "PB目前分位": 15.9,
    "PE目前分位": 90.5056,
    "基准价": 1752.96,
    "状态": "考虑卖出"
  },
  "医疗器械": {
    "PB目前分位": 0.97,
    "PE目前分位": 27.1845,
    "基准价": 10296.912,
    "状态": "考虑卖出"
  },
  "半导体": {
    "PB目前分位": 31.07,
    "PE目前分位": 64.8544,
    "基准价": 5326.61,
    "状态": "考虑卖出"
  },
  "新能源车": {
    "PB目前分位": 24.64,
    "PE目前分位": 0.8768,
    "基准价": 1958.1888,
    "状态": "低估"
  },
  "煤炭指数": {
    "PB目前分位": 90.06,
    "PE目前分位": 46.525,
    "基准价": 3949.93,
    "状态": "考虑卖出"
  },
  "科创50": {
    "PB目前分位": 0.93,
    "PE目前分位": 21.0892,
    "基准价": 669.792,
    "状态": "考虑卖出"
  },
  "绿色电力": {
    "PB目前分位": 73.61,
    "PE目前分位": 53.2251,
    "基准价": 1857.2,
    "状态": "考虑卖出"
  },
  "证券公司": {
    "PB目前分位": 5.43,
    "PE目前分位": 41.1907,
    "基准价": 699.17,
    "状态": "考虑卖出"
  }
}