{
  "中证1000": {
    "PB目前分位": 5.54,
    "PE目前分位": 46.1968,
    "基准价": 4392.816000000001,
    "状态": "考虑卖出"
  },
  "中证中药": {
    "PB目前分位": 24.1,
    "PE目前分位": 29.7755,
    "基准价": 9269.472000000002,
    "状态": "考虑卖出"
  },
  "中证医疗": {
    "PB目前分位": 1.48,
    "PE目前分位": 18.9856,
    "基准价": 6229.8816,
    "状态": "低估"
  },
  "中证白酒": {
    "PB目前分位": 30.79,
    "PE目前分位": 19.3712,
    "基准价": 10653.936,
    "状态": "低估"
  },
  "中证红利": {
    "PB目前分位": 17.5,
    "PE目前分位": 34.2857,
    "基准价": 4717.3535999999995,
    "状态": "考虑卖出"
  },
  "光伏产业": {
    "PB目前分位": 11.99,
    "PE目前分位": 20.1468,
    "基准价": 2096.9280000000003,
    "状态": "考虑卖出"
  },
  "军工指数": {
    "PB目前分位": 41.69,
    "PE目前分位": 4.1975,
    "基准价": 1061.6544000000001,
    "状态": "低估"
  },
  "动漫游戏": {
    "PB目前分位": 31.01,
    "PE目前分位": 56.148,
    "基准价": 1752.96,
    "状态": "考虑卖出"
  },
  "医疗器械": {
    "PB目前分位": 3.34,
    "PE目前分位": 33.9157,
    "基准价": 10296.912,
    "状态": "考虑卖出"
  },
  "半导体": {
    "PB目前分位": 33.61,
    "PE目前分位": 62.0585,
    "基准价": 5326.61,
    "状态": "考虑卖出"
  },
  "新能源车": {
    "PB目前分位": 34.03,
    "PE目前分位": 32.3643,
    "基准价": 1958.1888,
    "状态": "考虑卖出"
  },
  "沪深300": {
    "PB目前分位": 3.82,
    "PE目前分位": 36.9045,
    "基准价": 3516.08,
    "状态": "考虑卖出"
  },
  "煤炭指数": {
    "PB目前分位": 86.46,
    "PE目前分位": 64.4092,
    "基准价": 4951.67,
    "状态": "考虑卖出"
  },
  "科创50": {
    "PB目前分位": 1.85,
    "PE目前分位": 47.1227,
    "基准价": 807.71,
    "状态": "考虑卖出"
  },
  "绿色电力": {
    "PB目前分位": 84.09,
    "PE目前分位": 58.0659,
    "基准价": 1989.17,
    "状态": "考虑卖出"
  },
  "证券公司": {
    "PB目前分位": 5.97,
    "PE目前分位": 61.9497,
    "基准价": 699.17,
    "状态": "考虑卖出"
  }
}