{
  "中证1000": {
    "PB目前分位": 4.42,
    "PE目前分位": 44.5255,
    "基准价": 4392.816000000001,
    "状态": "考虑卖出"
  },
  "中证中药": {
    "PB目前分位": 18.81,
    "PE目前分位": 25.9497,
    "基准价": 9269.472000000002,
    "状态": "考虑卖出"
  },
  "中证医疗": {
    "PB目前分位": 1.21,
    "PE目前分位": 17.713,
    "基准价": 6229.8816,
    "状态": "低估"
  },
  "中证白酒": {
    "PB目前分位": 31.09,
    "PE目前分位": 19.9538,
    "基准价": 10653.936,
    "状态": "低估"
  },
  "中证红利": {
    "PB目前分位": 18.19,
    "PE目前分位": 34.9313,
    "基准价": 4717.3535999999995,
    "状态": "考虑卖出"
  },
  "光伏产业": {
    "PB目前分位": 8.14,
    "PE目前分位": 19.9511,
    "基准价": 2096.9280000000003,
    "状态": "低估"
  },
  "军工指数": {
    "PB目前分位": 39.37,
    "PE目前分位": 3.6658,
    "基准价": 1061.6544000000001,
    "状态": "低估"
  },
  "动漫游戏": {
    "PB目前分位": 25.98,
    "PE目前分位": 55,
    "基准价": 1752.96,
    "状态": "考虑卖出"
  },
  "医疗器械": {
    "PB目前分位": 2.2,
    "PE目前分位": 32.6755,
    "基准价": 10296.912,
    "状态": "考虑卖出"
  },
  "半导体": {
    "PB目前分位": 31.92,
    "PE目前分位": 61.0626,
    "基准价": 5326.61,
    "状态": "考虑卖出"
  },
  "新能源车": {
    "PB目前分位": 32.21,
    "PE目前分位": 31.6959,
    "基准价": 1958.1888,
    "状态": "考虑卖出"
  },
  "沪深300": {
    "PB目前分位": 3.53,
    "PE目前分位": 35.8974,
    "基准价": 3516.08,
    "状态": "考虑卖出"
  },
  "煤炭指数": {
    "PB目前分位": 85.87,
    "PE目前分位": 63.6588,
    "基准价": 4951.67,
    "状态": "考虑卖出"
  },
  "科创50": {
    "PB目前分位": 1.08,
    "PE目前分位": 40.195,
    "基准价": 807.71,
    "状态": "考虑卖出"
  },
  "绿色电力": {
    "PB目前分位": 78.13,
    "PE目前分位": 50.9881,
    "基准价": 1989.17,
    "状态": "考虑卖出"
  },
  "证券公司": {
    "PB目前分位": 1.92,
    "PE目前分位": 58.1697,
    "基准价": 699.17,
    "状态": "考虑卖出"
  }
}