{
  "中证1000": {
    "PB目前分位": 4.33,
    "PE目前分位": 29.9453,
    "基准价": 6170.65,
    "状态": "考虑卖出"
  },
  "中证中药": {
    "PB目前分位": 13.46,
    "PE目前分位": 13.4146,
    "基准价": 10086.6048,
    "状态": "低估"
  },
  "中证医疗": {
    "PB目前分位": 0.14,
    "PE目前分位": 11.9332,
    "基准价": 7551.3216,
    "状态": "低估"
  },
  "中证白酒": {
    "PB目前分位": 43.6,
    "PE目前分位": 26.0591,
    "基准价": 15361.32,
    "状态": "考虑卖出"
  },
  "中证红利": {
    "PB目前分位": 5.22,
    "PE目前分位": 12.3982,
    "基准价": 4717.3535999999995,
    "状态": "低估"
  },
  "光伏产业": {
    "PB目前分位": 26.35,
    "PE目前分位": 0.0915,
    "基准价": 2662.8192,
    "状态": "低估"
  },
  "军工指数": {
    "PB目前分位": 43.38,
    "PE目前分位": 3.3679,
    "基准价": 1252.1855999999998,
    "状态": "低估"
  },
  "动漫游戏": {
    "PB目前分位": 38.89,
    "PE目前分位": 93.783,
    "基准价": 1752.96,
    "状态": "考虑卖出"
  },
  "医疗器械": {
    "PB目前分位": 0.24,
    "PE目前分位": 17.16,
    "基准价": 10296.912,
    "状态": "低估"
  },
  "半导体": {
    "PB目前分位": 49.16,
    "PE目前分位": 61.64,
    "基准价": 5326.61,
    "状态": "考虑卖出"
  },
  "新能源车": {
    "PB目前分位": 36.72,
    "PE目前分位": 6.0743,
    "基准价": 2414.3711999999996,
    "状态": "低估"
  },
  "煤炭指数": {
    "PB目前分位": 65.91,
    "PE目前分位": 9.5855,
    "基准价": 3949.93,
    "状态": "低估"
  },
  "科创50": {
    "PB目前分位": 0.25,
    "PE目前分位": 0.6345,
    "基准价": 845.952,
    "状态": "低估"
  },
  "绿色电力": {
    "PB目前分位": 64.89,
    "PE目前分位": 68.3473,
    "基准价": 1857.2,
    "状态": "考虑卖出"
  },
  "证券公司": {
    "PB目前分位": 14.6,
    "PE目前分位": 45.9146,
    "基准价": 699.17,
    "状态": "考虑卖出"
  }
}