{
  "中证1000": {
    "PB目前分位": 7.84,
    "PE目前分位": 45.7389,
    "基准价": 6170.65,
    "状态": "考虑卖出"
  },
  "中证中药": {
    "PB目前分位": 18.04,
    "PE目前分位": 15.3734,
    "基准价": 10086.6048,
    "状态": "低估"
  },
  "中证医疗": {
    "PB目前分位": 2.94,
    "PE目前分位": 21.4998,
    "基准价": 7551.3216,
    "状态": "考虑卖出"
  },
  "中证白酒": {
    "PB目前分位": 50.59,
    "PE目前分位": 30.5093,
    "基准价": 15361.32,
    "状态": "考虑卖出"
  },
  "中证红利": {
    "PB目前分位": 2.47,
    "PE目前分位": 12.7856,
    "基准价": 4717.3535999999995,
    "状态": "低估"
  },
  "光伏产业": {
    "PB目前分位": 26.7,
    "PE目前分位": 2.8959,
    "基准价": 2662.8192,
    "状态": "低估"
  },
  "军工指数": {
    "PB目前分位": 42.63,
    "PE目前分位": 3.4635,
    "基准价": 1252.1855999999998,
    "状态": "低估"
  },
  "动漫游戏": {
    "PB目前分位": 57.66,
    "PE目前分位": 92.4869,
    "基准价": 1752.96,
    "状态": "考虑卖出"
  },
  "医疗器械": {
    "PB目前分位": 3.26,
    "PE目前分位": 28.5032,
    "基准价": 10296.912,
    "状态": "考虑卖出"
  },
  "半导体": {
    "PB目前分位": 57.6,
    "PE目前分位": 72.0939,
    "基准价": 5326.61,
    "状态": "考虑卖出"
  },
  "新能源车": {
    "PB目前分位": 37.06,
    "PE目前分位": 11.9026,
    "基准价": 2414.3711999999996,
    "状态": "低估"
  },
  "煤炭指数": {
    "PB目前分位": 65.51,
    "PE目前分位": 14.3331,
    "基准价": 3949.93,
    "状态": "低估"
  },
  "科创50": {
    "PB目前分位": 4.5,
    "PE目前分位": 37.375,
    "基准价": 845.952,
    "状态": "考虑卖出"
  },
  "绿色电力": {
    "PB目前分位": 57.34,
    "PE目前分位": 55.5246,
    "基准价": 1857.2,
    "状态": "考虑卖出"
  },
  "证券公司": {
    "PB目前分位": 16.96,
    "PE目前分位": 51.4239,
    "基准价": 699.17,
    "状态": "考虑卖出"
  }
}