{
  "中证中药": {
    "危险分位": 30.97123191,
    "机会分位": 28.93205358,
    "目前分位": 27.82445285,
    "基准价": 11410.3496
  },
  "中证1000": {
    "危险分位": 41.93720983,
    "机会分位": 36.05203996,
    "目前分位": 34.07397622,
    "基准价": 6117.1552
  },
  "动漫游戏": {
    "危险分位": 34.7613259,
    "机会分位": 29.65234347,
    "目前分位": 569.18589269,
    "基准价": 1653.331
  },
  "科创50": {
    "危险分位": 53.44358055,
    "机会分位": 43.065598233,
    "目前分位": 38.68773044,
    "基准价": 835.8720000000001
  },
  "中证红利": {
    "危险分位": 7.76082196,
    "机会分位": 6.60702725,
    "目前分位": 5.74615002,
    "基准价": 5277.0952
  },
  "半导体": {
    "危险分位": 79.90140139,
    "机会分位": 62.47447418,
    "目前分位": 65.50718223,
    "基准价": 2987.948
  },
  "煤炭指数": {
    "危险分位": 10.59077785,
    "机会分位": 9.37467423,
    "目前分位": 5.78826273,
    "基准价": 3731.0416
  },
  "证券公司": {
    "危险分位": 22.18239219,
    "机会分位": 19.63082261,
    "目前分位": 21.39503393,
    "基准价": 701.24
  },
  "绿色电力": {
    "危险分位": 18.34733608,
    "机会分位": 16.41904507,
    "目前分位": 21.80088444,
    "基准价": 1857.742
  },
  "光伏产业": {
    "危险分位": 33.64092649,
    "机会分位": 30.148850588999995,
    "目前分位": 13.99070625,
    "基准价": 2987.6736
  },
  "医疗器械": {
    "危险分位": 54.05095789,
    "机会分位": 38.01710429,
    "目前分位": 25.8437368,
    "基准价": 10496.8512
  },
  "军工指数": {
    "危险分位": 68.16864918,
    "机会分位": 58.54911123,
    "目前分位": 50.20827257,
    "基准价": 1480.0136
  },
  "中证白酒": {
    "危险分位": 31.10966074,
    "机会分位": 27.48341393,
    "目前分位": 29.96207235,
    "基准价": 2794.94
  },
  "中证医疗": {
    "危险分位": 56.4496258,
    "机会分位": 40.66210519,
    "目前分位": 29.2937712,
    "基准价": 7934.385
  },
  "新能源车": {
    "危险分位": 45.16373273,
    "机会分位": 24.60252934,
    "目前分位": 19.49315298,
    "基准价": 2889.9728
  }
}