{
  "中证1000": {
    "PB目前分位": 0.09,
    "PE目前分位": 8.6861,
    "基准价": 4392.816000000001,
    "状态": "低估"
  },
  "中证中药": {
    "PB目前分位": 4.71,
    "PE目前分位": 6.2618,
    "基准价": 9269.472000000002,
    "状态": "低估"
  },
  "中证医疗": {
    "PB目前分位": 0.28,
    "PE目前分位": 10.8806,
    "基准价": 6229.8816,
    "状态": "低估"
  },
  "中证白酒": {
    "PB目前分位": 35.17,
    "PE目前分位": 22.1008,
    "基准价": 10653.936,
    "状态": "考虑卖出"
  },
  "中证红利": {
    "PB目前分位": 17.18,
    "PE目前分位": 29.755,
    "基准价": 4717.3535999999995,
    "状态": "考虑卖出"
  },
  "光伏产业": {
    "PB目前分位": 5.57,
    "PE目前分位": 0.2571,
    "基准价": 2096.9280000000003,
    "状态": "低估"
  },
  "军工指数": {
    "PB目前分位": 25.43,
    "PE目前分位": 1.6571,
    "基准价": 1061.6544000000001,
    "状态": "低估"
  },
  "动漫游戏": {
    "PB目前分位": 15.06,
    "PE目前分位": 90.2192,
    "基准价": 1752.96,
    "状态": "考虑卖出"
  },
  "医疗器械": {
    "PB目前分位": 0.27,
    "PE目前分位": 24.864,
    "基准价": 10296.912,
    "状态": "考虑卖出"
  },
  "半导体": {
    "PB目前分位": 28.83,
    "PE目前分位": 60.2564,
    "基准价": 5326.61,
    "状态": "考虑卖出"
  },
  "新能源车": {
    "PB目前分位": 23.95,
    "PE目前分位": 0.3947,
    "基准价": 1958.1888,
    "状态": "低估"
  },
  "煤炭指数": {
    "PB目前分位": 88.54,
    "PE目前分位": 43.8761,
    "基准价": 3949.93,
    "状态": "考虑卖出"
  },
  "科创50": {
    "PB目前分位": 0.58,
    "PE目前分位": 6.4965,
    "基准价": 669.792,
    "状态": "低估"
  },
  "绿色电力": {
    "PB目前分位": 72.47,
    "PE目前分位": 52.2563,
    "基准价": 1857.2,
    "状态": "考虑卖出"
  },
  "证券公司": {
    "PB目前分位": 4.19,
    "PE目前分位": 39.4769,
    "基准价": 699.17,
    "状态": "考虑卖出"
  }
}