{
  "中证白酒": {
    "危险分位": 31.0275355,
    "机会分位": 27.69169426,
    "基准价": 2793.876
  },
  "医疗器械": {
    "危险分位": 54.05095789,
    "机会分位": 38.02763284,
    "基准价": 10956.6432
  },
  "新能源车": {
    "危险分位": 45.18470423,
    "机会分位": 25.03876792,
    "基准价": 3080.3032
  },
  "中证红利": {
    "危险分位": 7.76082196,
    "机会分位": 6.60702725,
    "基准价": 4903.3823999999995
  },
  "中证1000": {
    "危险分位": 41.85517132,
    "机会分位": 36.14127807,
    "基准价": 6433.856
  },
  "证券公司": {
    "危险分位": 22.31269038,
    "机会分位": 19.50401153,
    "基准价": 783.9416
  },
  "动漫游戏": {
    "危险分位": 33.95720345,
    "机会分位": 29.72013802,
    "基准价": 1834.1127999999999
  },
  "半导体": {
    "危险分位": 80.48053282,
    "机会分位": 62.53682654,
    "基准价": 2981.842
  },
  "科创50": {
    "危险分位": 54.342714825,
    "机会分位": 43.204435211,
    "基准价": 875.9327999999999
  },
  "煤炭指数": {
    "危险分位": 10.57200768,
    "机会分位": 9.40111245,
    "基准价": 3748.2744000000002
  },
  "军工指数": {
    "危险分位": 68.59886062,
    "机会分位": 58.12735521,
    "基准价": 1490.06
  },
  "中证中药": {
    "危险分位": 30.99763772,
    "机会分位": 28.98295155,
    "基准价": 9804.942
  },
  "光伏产业": {
    "危险分位": 33.65603061,
    "机会分位": 30.309646190000002,
    "基准价": 3171.8304
  },
  "绿色电力": {
    "危险分位": 18.39039628,
    "机会分位": 16.37420704,
    "基准价": 1858.046
  }
}