{
  "中证1000": {
    "PB目前分位": 3.89,
    "PE目前分位": 22.8346,
    "基准价": 4392.816000000001,
    "状态": "考虑卖出"
  },
  "中证中药": {
    "PB目前分位": 15.22,
    "PE目前分位": 13.9589,
    "基准价": 9269.472000000002,
    "状态": "低估"
  },
  "中证医疗": {
    "PB目前分位": 1.1,
    "PE目前分位": 16.278,
    "基准价": 6229.8816,
    "状态": "低估"
  },
  "中证白酒": {
    "PB目前分位": 40.57,
    "PE目前分位": 25.7304,
    "基准价": 10653.936,
    "状态": "考虑卖出"
  },
  "中证红利": {
    "PB目前分位": 20.22,
    "PE目前分位": 31.2813,
    "基准价": 4717.3535999999995,
    "状态": "考虑卖出"
  },
  "光伏产业": {
    "PB目前分位": 29.28,
    "PE目前分位": 8.7764,
    "基准价": 2096.9280000000003,
    "状态": "低估"
  },
  "军工指数": {
    "PB目前分位": 41.66,
    "PE目前分位": 4.1875,
    "基准价": 1061.6544000000001,
    "状态": "低估"
  },
  "动漫游戏": {
    "PB目前分位": 45.3,
    "PE目前分位": 90.3728,
    "基准价": 1752.96,
    "状态": "考虑卖出"
  },
  "医疗器械": {
    "PB目前分位": 3.63,
    "PE目前分位": 29.3981,
    "基准价": 10296.912,
    "状态": "考虑卖出"
  },
  "半导体": {
    "PB目前分位": 46.45,
    "PE目前分位": 74.4213,
    "基准价": 5326.61,
    "状态": "考虑卖出"
  },
  "新能源车": {
    "PB目前分位": 35.51,
    "PE目前分位": 8.2245,
    "基准价": 1958.1888,
    "状态": "低估"
  },
  "沪深300": {
    "PB目前分位": 6.63,
    "PE目前分位": 28.6429,
    "基准价": 3516.08,
    "状态": "考虑卖出"
  },
  "煤炭指数": {
    "PB目前分位": 92.7,
    "PE目前分位": 50.68,
    "基准价": 4951.67,
    "状态": "考虑卖出"
  },
  "科创50": {
    "PB目前分位": 3.75,
    "PE目前分位": 52.7273,
    "基准价": 807.71,
    "状态": "考虑卖出"
  },
  "绿色电力": {
    "PB目前分位": 85.59,
    "PE目前分位": 64.8612,
    "基准价": 1857.2,
    "状态": "考虑卖出"
  },
  "证券公司": {
    "PB目前分位": 11.39,
    "PE目前分位": 49.181,
    "基准价": 699.17,
    "状态": "考虑卖出"
  }
}