{
  "中证1000": {
    "PB目前分位": 9.41,
    "PE目前分位": 44.3691,
    "基准价": 6170.65,
    "状态": "考虑卖出"
  },
  "中证中药": {
    "PB目前分位": 16.69,
    "PE目前分位": 14.7557,
    "基准价": 10086.6048,
    "状态": "低估"
  },
  "中证医疗": {
    "PB目前分位": 1.52,
    "PE目前分位": 20.7386,
    "基准价": 7551.3216,
    "状态": "考虑卖出"
  },
  "中证白酒": {
    "PB目前分位": 46.65,
    "PE目前分位": 28.6761,
    "基准价": 15361.32,
    "状态": "考虑卖出"
  },
  "中证红利": {
    "PB目前分位": 2.87,
    "PE目前分位": 13.1666,
    "基准价": 4717.3535999999995,
    "状态": "低估"
  },
  "光伏产业": {
    "PB目前分位": 26.04,
    "PE目前分位": 1.8919,
    "基准价": 2662.8192,
    "状态": "低估"
  },
  "军工指数": {
    "PB目前分位": 45.09,
    "PE目前分位": 3.8985,
    "基准价": 1252.1855999999998,
    "状态": "低估"
  },
  "动漫游戏": {
    "PB目前分位": 54.41,
    "PE目前分位": 91.6376,
    "基准价": 1752.96,
    "状态": "考虑卖出"
  },
  "医疗器械": {
    "PB目前分位": 3.14,
    "PE目前分位": 28.4068,
    "基准价": 10296.912,
    "状态": "考虑卖出"
  },
  "半导体": {
    "PB目前分位": 56.22,
    "PE目前分位": 81.3667,
    "基准价": 5326.61,
    "状态": "考虑卖出"
  },
  "新能源车": {
    "PB目前分位": 36.57,
    "PE目前分位": 10.0765,
    "基准价": 2414.3711999999996,
    "状态": "低估"
  },
  "煤炭指数": {
    "PB目前分位": 67.12,
    "PE目前分位": 15.2997,
    "基准价": 3949.93,
    "状态": "低估"
  },
  "科创50": {
    "PB目前分位": 3.48,
    "PE目前分位": 45.8385,
    "基准价": 845.952,
    "状态": "考虑卖出"
  },
  "绿色电力": {
    "PB目前分位": 59.84,
    "PE目前分位": 56.554,
    "基准价": 1857.2,
    "状态": "考虑卖出"
  },
  "证券公司": {
    "PB目前分位": 18.62,
    "PE目前分位": 52.5124,
    "基准价": 699.17,
    "状态": "考虑卖出"
  }
}