{
  "中证1000": {
    "PB目前分位": 0,
    "PE目前分位": 10.9541,
    "基准价": 4800.7968,
    "状态": "低估"
  },
  "中证中药": {
    "PB目前分位": 2.59,
    "PE目前分位": 5.2358,
    "基准价": 9269.472000000002,
    "状态": "低估"
  },
  "中证医疗": {
    "PB目前分位": 0,
    "PE目前分位": 8.4527,
    "基准价": 6229.8816,
    "状态": "低估"
  },
  "中证白酒": {
    "PB目前分位": 32,
    "PE目前分位": 16.8095,
    "基准价": 10653.936,
    "状态": "低估"
  },
  "中证红利": {
    "PB目前分位": 16.13,
    "PE目前分位": 27.8139,
    "基准价": 4717.3535999999995,
    "状态": "考虑卖出"
  },
  "光伏产业": {
    "PB目前分位": 4.3,
    "PE目前分位": 0,
    "基准价": 2330.6784,
    "状态": "低估"
  },
  "军工指数": {
    "PB目前分位": 25.04,
    "PE目前分位": 1.5152,
    "基准价": 1061.6544000000001,
    "状态": "低估"
  },
  "动漫游戏": {
    "PB目前分位": 16.79,
    "PE目前分位": 90.7606,
    "基准价": 1752.96,
    "状态": "考虑卖出"
  },
  "医疗器械": {
    "PB目前分位": 0,
    "PE目前分位": 21.3619,
    "基准价": 10296.912,
    "状态": "考虑卖出"
  },
  "半导体": {
    "PB目前分位": 25.29,
    "PE目前分位": 58.5603,
    "基准价": 5326.61,
    "状态": "考虑卖出"
  },
  "新能源车": {
    "PB目前分位": 23.33,
    "PE目前分位": 0.0879,
    "基准价": 1958.1888,
    "状态": "低估"
  },
  "煤炭指数": {
    "PB目前分位": 88.46,
    "PE目前分位": 43.0736,
    "基准价": 3949.93,
    "状态": "考虑卖出"
  },
  "科创50": {
    "PB目前分位": 0,
    "PE目前分位": 0.8159,
    "基准价": 669.792,
    "状态": "低估"
  },
  "绿色电力": {
    "PB目前分位": 72.06,
    "PE目前分位": 53.3454,
    "基准价": 1857.2,
    "状态": "考虑卖出"
  },
  "证券公司": {
    "PB目前分位": 3.31,
    "PE目前分位": 38.6538,
    "基准价": 699.17,
    "状态": "考虑卖出"
  }
}