{
  "中证1000": {
    "PB目前分位": 3.67,
    "PE目前分位": 24.7206,
    "基准价": 6170.65,
    "状态": "考虑卖出"
  },
  "中证中药": {
    "PB目前分位": 16.15,
    "PE目前分位": 14.8591,
    "基准价": 10086.6048,
    "状态": "低估"
  },
  "中证医疗": {
    "PB目前分位": 0.47,
    "PE目前分位": 18.6155,
    "基准价": 7551.3216,
    "状态": "低估"
  },
  "中证白酒": {
    "PB目前分位": 36.47,
    "PE目前分位": 22.7689,
    "基准价": 15361.32,
    "状态": "考虑卖出"
  },
  "中证红利": {
    "PB目前分位": 5.87,
    "PE目前分位": 9.8725,
    "基准价": 4717.3535999999995,
    "状态": "低估"
  },
  "光伏产业": {
    "PB目前分位": 20.42,
    "PE目前分位": 0.7042,
    "基准价": 2330.6784,
    "状态": "低估"
  },
  "军工指数": {
    "PB目前分位": 44.04,
    "PE目前分位": 3.5701,
    "基准价": 1252.1855999999998,
    "状态": "低估"
  },
  "动漫游戏": {
    "PB目前分位": 47.25,
    "PE目前分位": 92.5629,
    "基准价": 1752.96,
    "状态": "考虑卖出"
  },
  "医疗器械": {
    "PB目前分位": 3.07,
    "PE目前分位": 30.6724,
    "基准价": 10296.912,
    "状态": "考虑卖出"
  },
  "半导体": {
    "PB目前分位": 53.2,
    "PE目前分位": 79.591,
    "基准价": 5326.61,
    "状态": "考虑卖出"
  },
  "新能源车": {
    "PB目前分位": 31.08,
    "PE目前分位": 3.9129,
    "基准价": 2186.4384,
    "状态": "低估"
  },
  "煤炭指数": {
    "PB目前分位": 76.65,
    "PE目前分位": 22.8051,
    "基准价": 3949.93,
    "状态": "考虑卖出"
  },
  "科创50": {
    "PB目前分位": 3.37,
    "PE目前分位": 46.5704,
    "基准价": 845.952,
    "状态": "考虑卖出"
  },
  "绿色电力": {
    "PB目前分位": 62.2,
    "PE目前分位": 58.0778,
    "基准价": 1857.2,
    "状态": "考虑卖出"
  },
  "证券公司": {
    "PB目前分位": 7.91,
    "PE目前分位": 42.2983,
    "基准价": 699.17,
    "状态": "考虑卖出"
  }
}