{
  "中证1000": {
    "PB目前分位": 1.73,
    "PE目前分位": 20.6583,
    "基准价": 4392.816000000001,
    "状态": "考虑卖出"
  },
  "中证中药": {
    "PB目前分位": 14,
    "PE目前分位": 16.3048,
    "基准价": 9269.472000000002,
    "状态": "低估"
  },
  "中证医疗": {
    "PB目前分位": 0.05,
    "PE目前分位": 8.7783,
    "基准价": 6229.8816,
    "状态": "低估"
  },
  "中证白酒": {
    "PB目前分位": 41.12,
    "PE目前分位": 24.0093,
    "基准价": 10653.936,
    "状态": "考虑卖出"
  },
  "中证红利": {
    "PB目前分位": 21.51,
    "PE目前分位": 34.0078,
    "基准价": 4717.3535999999995,
    "状态": "考虑卖出"
  },
  "光伏产业": {
    "PB目前分位": 15.81,
    "PE目前分位": 3.4768,
    "基准价": 2096.9280000000003,
    "状态": "低估"
  },
  "军工指数": {
    "PB目前分位": 35.92,
    "PE目前分位": 3.8694,
    "基准价": 1061.6544000000001,
    "状态": "低估"
  },
  "动漫游戏": {
    "PB目前分位": 31.48,
    "PE目前分位": 92.2527,
    "基准价": 1752.96,
    "状态": "考虑卖出"
  },
  "医疗器械": {
    "PB目前分位": 0.19,
    "PE目前分位": 22.4857,
    "基准价": 10296.912,
    "状态": "考虑卖出"
  },
  "半导体": {
    "PB目前分位": 34.15,
    "PE目前分位": 62.065,
    "基准价": 5326.61,
    "状态": "考虑卖出"
  },
  "新能源车": {
    "PB目前分位": 35.2,
    "PE目前分位": 13.184,
    "基准价": 1958.1888,
    "状态": "低估"
  },
  "沪深300": {
    "PB目前分位": 4.85,
    "PE目前分位": 28.9764,
    "基准价": 3516.08,
    "状态": "考虑卖出"
  },
  "煤炭指数": {
    "PB目前分位": 93.57,
    "PE目前分位": 54.8811,
    "基准价": 4951.67,
    "状态": "考虑卖出"
  },
  "科创50": {
    "PB目前分位": 1.11,
    "PE目前分位": 33.9978,
    "基准价": 807.71,
    "状态": "考虑卖出"
  },
  "绿色电力": {
    "PB目前分位": 87.51,
    "PE目前分位": 68.0106,
    "基准价": 1989.17,
    "状态": "考虑卖出"
  },
  "证券公司": {
    "PB目前分位": 0.48,
    "PE目前分位": 39.3508,
    "基准价": 699.17,
    "状态": "考虑卖出"
  }
}