{
  "中证1000": {
    "PB目前分位": 1.71,
    "PE目前分位": 36.95,
    "基准价": 4392.816000000001,
    "状态": "考虑卖出"
  },
  "中证中药": {
    "PB目前分位": 9.42,
    "PE目前分位": 19.7087,
    "基准价": 9269.472000000002,
    "状态": "低估"
  },
  "中证医疗": {
    "PB目前分位": 0.27,
    "PE目前分位": 11.4184,
    "基准价": 6229.8816,
    "状态": "低估"
  },
  "中证白酒": {
    "PB目前分位": 28.48,
    "PE目前分位": 15.1585,
    "基准价": 10653.936,
    "状态": "低估"
  },
  "中证红利": {
    "PB目前分位": 20.04,
    "PE目前分位": 37.4868,
    "基准价": 4717.3535999999995,
    "状态": "考虑卖出"
  },
  "光伏产业": {
    "PB目前分位": 7.82,
    "PE目前分位": 20,
    "基准价": 2096.9280000000003,
    "状态": "低估"
  },
  "军工指数": {
    "PB目前分位": 40.08,
    "PE目前分位": 4.0014,
    "基准价": 1061.6544000000001,
    "状态": "低估"
  },
  "动漫游戏": {
    "PB目前分位": 15.28,
    "PE目前分位": 50.216,
    "基准价": 1752.96,
    "状态": "考虑卖出"
  },
  "医疗器械": {
    "PB目前分位": 0.64,
    "PE目前分位": 27.8051,
    "基准价": 10296.912,
    "状态": "考虑卖出"
  },
  "半导体": {
    "PB目前分位": 38.04,
    "PE目前分位": 63.5814,
    "基准价": 5326.61,
    "状态": "考虑卖出"
  },
  "新能源车": {
    "PB目前分位": 33.57,
    "PE目前分位": 32.3842,
    "基准价": 1958.1888,
    "状态": "考虑卖出"
  },
  "沪深300": {
    "PB目前分位": 3.44,
    "PE目前分位": 34.8807,
    "基准价": 3516.08,
    "状态": "考虑卖出"
  },
  "煤炭指数": {
    "PB目前分位": 91.96,
    "PE目前分位": 69.8842,
    "基准价": 4951.67,
    "状态": "考虑卖出"
  },
  "科创50": {
    "PB目前分位": 2.57,
    "PE目前分位": 42.9947,
    "基准价": 807.71,
    "状态": "考虑卖出"
  },
  "绿色电力": {
    "PB目前分位": 87.02,
    "PE目前分位": 62.8659,
    "基准价": 1989.17,
    "状态": "考虑卖出"
  },
  "证券公司": {
    "PB目前分位": 0.35,
    "PE目前分位": 55.4339,
    "基准价": 699.17,
    "状态": "考虑卖出"
  }
}