{
  "中证1000": {
    "PB目前分位": 5.81,
    "PE目前分位": 46.8562,
    "基准价": 4392.816000000001,
    "状态": "考虑卖出"
  },
  "中证中药": {
    "PB目前分位": 19.74,
    "PE目前分位": 27.5023,
    "基准价": 9269.472000000002,
    "状态": "考虑卖出"
  },
  "中证医疗": {
    "PB目前分位": 1.44,
    "PE目前分位": 19.4782,
    "基准价": 6229.8816,
    "状态": "低估"
  },
  "中证白酒": {
    "PB目前分位": 32.99,
    "PE目前分位": 23.2623,
    "基准价": 10653.936,
    "状态": "考虑卖出"
  },
  "中证红利": {
    "PB目前分位": 17.53,
    "PE目前分位": 34.3463,
    "基准价": 4717.3535999999995,
    "状态": "考虑卖出"
  },
  "光伏产业": {
    "PB目前分位": 13.76,
    "PE目前分位": 20.2293,
    "基准价": 2096.9280000000003,
    "状态": "考虑卖出"
  },
  "军工指数": {
    "PB目前分位": 41.63,
    "PE目前分位": 4.1343,
    "基准价": 1061.6544000000001,
    "状态": "低估"
  },
  "动漫游戏": {
    "PB目前分位": 35.84,
    "PE目前分位": 59.3562,
    "基准价": 1752.96,
    "状态": "考虑卖出"
  },
  "医疗器械": {
    "PB目前分位": 3.92,
    "PE目前分位": 34.4368,
    "基准价": 10296.912,
    "状态": "考虑卖出"
  },
  "半导体": {
    "PB目前分位": 38.24,
    "PE目前分位": 61.4536,
    "基准价": 5326.61,
    "状态": "考虑卖出"
  },
  "新能源车": {
    "PB目前分位": 36.08,
    "PE目前分位": 34.3616,
    "基准价": 1958.1888,
    "状态": "考虑卖出"
  },
  "沪深300": {
    "PB目前分位": 3.91,
    "PE目前分位": 37.1385,
    "基准价": 3516.08,
    "状态": "考虑卖出"
  },
  "煤炭指数": {
    "PB目前分位": 86.36,
    "PE目前分位": 63.9929,
    "基准价": 4951.67,
    "状态": "考虑卖出"
  },
  "科创50": {
    "PB目前分位": 2.62,
    "PE目前分位": 43.2314,
    "基准价": 807.71,
    "状态": "考虑卖出"
  },
  "绿色电力": {
    "PB目前分位": 78.85,
    "PE目前分位": 51.674,
    "基准价": 1989.17,
    "状态": "考虑卖出"
  },
  "证券公司": {
    "PB目前分位": 4.53,
    "PE目前分位": 60.6144,
    "基准价": 699.17,
    "状态": "考虑卖出"
  }
}