{
  "中证1000": {
    "PB目前分位": 0.97,
    "PE目前分位": 20.5661,
    "基准价": 4800.7968,
    "状态": "考虑卖出"
  },
  "中证中药": {
    "PB目前分位": 11.86,
    "PE目前分位": 11.8092,
    "基准价": 10086.6048,
    "状态": "低估"
  },
  "中证医疗": {
    "PB目前分位": 0,
    "PE目前分位": 12.9972,
    "基准价": 6866.3328,
    "状态": "低估"
  },
  "中证白酒": {
    "PB目前分位": 33.86,
    "PE目前分位": 20.124,
    "基准价": 10653.936,
    "状态": "考虑卖出"
  },
  "中证红利": {
    "PB目前分位": 15.71,
    "PE目前分位": 27.0495,
    "基准价": 4717.3535999999995,
    "状态": "考虑卖出"
  },
  "光伏产业": {
    "PB目前分位": 22.16,
    "PE目前分位": 1.5517,
    "基准价": 2330.6784,
    "状态": "低估"
  },
  "军工指数": {
    "PB目前分位": 33.01,
    "PE目前分位": 2.6363,
    "基准价": 1152.5567999999998,
    "状态": "低估"
  },
  "动漫游戏": {
    "PB目前分位": 38.77,
    "PE目前分位": 92.0993,
    "基准价": 1752.96,
    "状态": "考虑卖出"
  },
  "医疗器械": {
    "PB目前分位": 0.31,
    "PE目前分位": 26.0616,
    "基准价": 10296.912,
    "状态": "考虑卖出"
  },
  "半导体": {
    "PB目前分位": 37.55,
    "PE目前分位": 64.6669,
    "基准价": 5326.61,
    "状态": "考虑卖出"
  },
  "新能源车": {
    "PB目前分位": 24.64,
    "PE目前分位": 0.6599,
    "基准价": 2186.4384,
    "状态": "低估"
  },
  "煤炭指数": {
    "PB目前分位": 87.76,
    "PE目前分位": 40.9895,
    "基准价": 3949.93,
    "状态": "考虑卖出"
  },
  "科创50": {
    "PB目前分位": 0.35,
    "PE目前分位": 14.6199,
    "基准价": 745.392,
    "状态": "低估"
  },
  "绿色电力": {
    "PB目前分位": 72.48,
    "PE目前分位": 53.6442,
    "基准价": 1857.2,
    "状态": "考虑卖出"
  },
  "证券公司": {
    "PB目前分位": 8.68,
    "PE目前分位": 45.7627,
    "基准价": 699.17,
    "状态": "考虑卖出"
  }
}