{"中证白酒": {"危险分位": 31.0275355, "机会分位": 27.69169426, "基准价": 2793.876}, "医疗器械": {"危险分位": 53.95003624, "机会分位": 37.99797412, "基准价": 10956.6432}, "新能源车": {"危险分位": 45.34124421, "机会分位": 24.92848615, "基准价": 2861.3376}, "中证红利": {"危险分位": 7.77971354, "机会分位": 6.61450074, "基准价": 4865.020799999999}, "中证1000": {"危险分位": 41.77458744, "机会分位": 36.09265446, "基准价": 5954.1503999999995}, "证券公司": {"危险分位": 22.31269038, "机会分位": 19.50401153, "基准价": 783.9416}, "动漫游戏": {"危险分位": 34.58430938, "机会分位": 29.52253462, "基准价": 1834.1127999999999}, "半导体": {"危险分位": 80.48053282, "机会分位": 62.53682654, "基准价": 2981.842}, "科创50": {"危险分位": 53.97621548, "机会分位": 43.156697809, "基准价": 873.9648}, "煤炭指数": {"危险分位": 10.55367621, "机会分位": 9.39406947, "基准价": 3405.5903999999996}, "军工指数": {"危险分位": 68.30854582, "机会分位": 58.2748438, "基准价": 1392.3744000000002}, "中证中药": {"危险分位": 30.97689557, "机会分位": 28.87732357, "基准价": 11635.967200000001}, "光伏产业": {"危险分位": 33.591759010000004, "机会分位": 30.302981036, "基准价": 3147.0528}, "绿色电力": {"危险分位": 18.39301336, "机会分位": 16.37420704, "基准价": 1858.046}}