{
  "中证1000": {
    "PB目前分位": 5.13,
    "PE目前分位": 42.7533,
    "基准价": 6170.65,
    "状态": "考虑卖出"
  },
  "中证中药": {
    "PB目前分位": 15.95,
    "PE目前分位": 14.5357,
    "基准价": 10086.6048,
    "状态": "低估"
  },
  "中证医疗": {
    "PB目前分位": 0.9,
    "PE目前分位": 20.314,
    "基准价": 7551.3216,
    "状态": "考虑卖出"
  },
  "中证白酒": {
    "PB目前分位": 49.88,
    "PE目前分位": 30.1424,
    "基准价": 15361.32,
    "状态": "考虑卖出"
  },
  "中证红利": {
    "PB目前分位": 2.92,
    "PE目前分位": 13.1414,
    "基准价": 4717.3535999999995,
    "状态": "低估"
  },
  "光伏产业": {
    "PB目前分位": 23.91,
    "PE目前分位": 0.3636,
    "基准价": 2662.8192,
    "状态": "低估"
  },
  "军工指数": {
    "PB目前分位": 41.27,
    "PE目前分位": 3.0639,
    "基准价": 1252.1855999999998,
    "状态": "低估"
  },
  "动漫游戏": {
    "PB目前分位": 48.71,
    "PE目前分位": 91.2383,
    "基准价": 1752.96,
    "状态": "考虑卖出"
  },
  "医疗器械": {
    "PB目前分位": 2.23,
    "PE目前分位": 27.4432,
    "基准价": 10296.912,
    "状态": "考虑卖出"
  },
  "半导体": {
    "PB目前分位": 52.89,
    "PE目前分位": 69.4057,
    "基准价": 5326.61,
    "状态": "考虑卖出"
  },
  "新能源车": {
    "PB目前分位": 36.42,
    "PE目前分位": 9.2634,
    "基准价": 2414.3711999999996,
    "状态": "低估"
  },
  "煤炭指数": {
    "PB目前分位": 61.87,
    "PE目前分位": 13.1783,
    "基准价": 3949.93,
    "状态": "低估"
  },
  "科创50": {
    "PB目前分位": 0.75,
    "PE目前分位": 25.7862,
    "基准价": 845.952,
    "状态": "考虑卖出"
  },
  "绿色电力": {
    "PB目前分位": 60.35,
    "PE目前分位": 56.8637,
    "基准价": 1857.2,
    "状态": "考虑卖出"
  },
  "证券公司": {
    "PB目前分位": 11.04,
    "PE目前分位": 46.5261,
    "基准价": 699.17,
    "状态": "考虑卖出"
  }
}