{
  "中证1000": {
    "PB目前分位": 3.08,
    "PE目前分位": 41.2243,
    "基准价": 4392.816000000001,
    "状态": "考虑卖出"
  },
  "中证中药": {
    "PB目前分位": 15.01,
    "PE目前分位": 23.4945,
    "基准价": 9269.472000000002,
    "状态": "考虑卖出"
  },
  "中证医疗": {
    "PB目前分位": 0.58,
    "PE目前分位": 13.1426,
    "基准价": 6229.8816,
    "状态": "低估"
  },
  "中证白酒": {
    "PB目前分位": 29.65,
    "PE目前分位": 17.1731,
    "基准价": 10653.936,
    "状态": "低估"
  },
  "中证红利": {
    "PB目前分位": 21.13,
    "PE目前分位": 39.2405,
    "基准价": 4717.3535999999995,
    "状态": "考虑卖出"
  },
  "光伏产业": {
    "PB目前分位": 9.8,
    "PE目前分位": 20.2429,
    "基准价": 2096.9280000000003,
    "状态": "考虑卖出"
  },
  "军工指数": {
    "PB目前分位": 36.32,
    "PE目前分位": 2.9887,
    "基准价": 1061.6544000000001,
    "状态": "低估"
  },
  "动漫游戏": {
    "PB目前分位": 19,
    "PE目前分位": 52.8966,
    "基准价": 1752.96,
    "状态": "考虑卖出"
  },
  "医疗器械": {
    "PB目前分位": 0.95,
    "PE目前分位": 29.5231,
    "基准价": 10296.912,
    "状态": "考虑卖出"
  },
  "半导体": {
    "PB目前分位": 32.36,
    "PE目前分位": 61.2036,
    "基准价": 5326.61,
    "状态": "考虑卖出"
  },
  "新能源车": {
    "PB目前分位": 29.9,
    "PE目前分位": 30.9199,
    "基准价": 1958.1888,
    "状态": "考虑卖出"
  },
  "沪深300": {
    "PB目前分位": 3.94,
    "PE目前分位": 36.9836,
    "基准价": 3516.08,
    "状态": "考虑卖出"
  },
  "煤炭指数": {
    "PB目前分位": 91.03,
    "PE目前分位": 69.128,
    "基准价": 4951.67,
    "状态": "考虑卖出"
  },
  "科创50": {
    "PB目前分位": 0.65,
    "PE目前分位": 35.5914,
    "基准价": 807.71,
    "状态": "考虑卖出"
  },
  "绿色电力": {
    "PB目前分位": 86.03,
    "PE目前分位": 60.6392,
    "基准价": 1989.17,
    "状态": "考虑卖出"
  },
  "证券公司": {
    "PB目前分位": 1.37,
    "PE目前分位": 57.3443,
    "基准价": 699.17,
    "状态": "考虑卖出"
  }
}