{
  "中证1000": {
    "PB目前分位": 3.94,
    "PE目前分位": 25.6261,
    "基准价": 6170.65,
    "状态": "考虑卖出"
  },
  "中证中药": {
    "PB目前分位": 17.83,
    "PE目前分位": 15.87,
    "基准价": 10086.6048,
    "状态": "低估"
  },
  "中证医疗": {
    "PB目前分位": 0.94,
    "PE目前分位": 19.6069,
    "基准价": 7551.3216,
    "状态": "低估"
  },
  "中证白酒": {
    "PB目前分位": 36.58,
    "PE目前分位": 22.8282,
    "基准价": 15361.32,
    "状态": "考虑卖出"
  },
  "中证红利": {
    "PB目前分位": 4.85,
    "PE目前分位": 9.2201,
    "基准价": 4717.3535999999995,
    "状态": "低估"
  },
  "光伏产业": {
    "PB目前分位": 18.68,
    "PE目前分位": 0.5286,
    "基准价": 2330.6784,
    "状态": "低估"
  },
  "军工指数": {
    "PB目前分位": 41.18,
    "PE目前分位": 3.0612,
    "基准价": 1252.1855999999998,
    "状态": "低估"
  },
  "动漫游戏": {
    "PB目前分位": 60.33,
    "PE目前分位": 92.7304,
    "基准价": 1752.96,
    "状态": "考虑卖出"
  },
  "医疗器械": {
    "PB目前分位": 3.97,
    "PE目前分位": 31.3139,
    "基准价": 10296.912,
    "状态": "考虑卖出"
  },
  "半导体": {
    "PB目前分位": 55.74,
    "PE目前分位": 81.9434,
    "基准价": 5326.61,
    "状态": "考虑卖出"
  },
  "新能源车": {
    "PB目前分位": 29.54,
    "PE目前分位": 2.8025,
    "基准价": 2186.4384,
    "状态": "低估"
  },
  "煤炭指数": {
    "PB目前分位": 74.56,
    "PE目前分位": 20.4446,
    "基准价": 3949.93,
    "状态": "考虑卖出"
  },
  "科创50": {
    "PB目前分位": 4.1,
    "PE目前分位": 47.3494,
    "基准价": 845.952,
    "状态": "考虑卖出"
  },
  "绿色电力": {
    "PB目前分位": 61.63,
    "PE目前分位": 57.7381,
    "基准价": 1857.2,
    "状态": "考虑卖出"
  },
  "证券公司": {
    "PB目前分位": 8.07,
    "PE目前分位": 42.3971,
    "基准价": 699.17,
    "状态": "考虑卖出"
  }
}