{
  "中证1000": {
    "PB目前分位": 1.05,
    "PE目前分位": 20.5882,
    "基准价": 4392.816000000001,
    "状态": "考虑卖出"
  },
  "中证中药": {
    "PB目前分位": 10.87,
    "PE目前分位": 9.3721,
    "基准价": 9269.472000000002,
    "状态": "低估"
  },
  "中证医疗": {
    "PB目前分位": 0.46,
    "PE目前分位": 13.1712,
    "基准价": 6229.8816,
    "状态": "低估"
  },
  "中证白酒": {
    "PB目前分位": 37.8,
    "PE目前分位": 24.0776,
    "基准价": 10653.936,
    "状态": "考虑卖出"
  },
  "中证红利": {
    "PB目前分位": 18.92,
    "PE目前分位": 30.7968,
    "基准价": 4717.3535999999995,
    "状态": "考虑卖出"
  },
  "光伏产业": {
    "PB目前分位": 18.86,
    "PE目前分位": 1.9541,
    "基准价": 2096.9280000000003,
    "状态": "低估"
  },
  "军工指数": {
    "PB目前分位": 34.78,
    "PE目前分位": 3.3381,
    "基准价": 1061.6544000000001,
    "状态": "低估"
  },
  "动漫游戏": {
    "PB目前分位": 41.42,
    "PE目前分位": 90.3298,
    "基准价": 1752.96,
    "状态": "考虑卖出"
  },
  "医疗器械": {
    "PB目前分位": 1.28,
    "PE目前分位": 27.8251,
    "基准价": 10296.912,
    "状态": "考虑卖出"
  },
  "半导体": {
    "PB目前分位": 40.6,
    "PE目前分位": 68.808,
    "基准价": 5326.61,
    "状态": "考虑卖出"
  },
  "新能源车": {
    "PB目前分位": 25.98,
    "PE目前分位": 2.7948,
    "基准价": 1958.1888,
    "状态": "低估"
  },
  "煤炭指数": {
    "PB目前分位": 92.89,
    "PE目前分位": 50.8256,
    "基准价": 4951.67,
    "状态": "考虑卖出"
  },
  "科创50": {
    "PB目前分位": 2.75,
    "PE目前分位": 36.9266,
    "基准价": 669.792,
    "状态": "考虑卖出"
  },
  "绿色电力": {
    "PB目前分位": 77.76,
    "PE目前分位": 60.2426,
    "基准价": 1857.2,
    "状态": "考虑卖出"
  },
  "证券公司": {
    "PB目前分位": 9.78,
    "PE目前分位": 47.0942,
    "基准价": 699.17,
    "状态": "考虑卖出"
  }
}