{
  "中证1000": {
    "PB目前分位": 4.77,
    "PE目前分位": 44.8024,
    "基准价": 4392.816000000001,
    "状态": "考虑卖出"
  },
  "中证中药": {
    "PB目前分位": 21.43,
    "PE目前分位": 27.793,
    "基准价": 9269.472000000002,
    "状态": "考虑卖出"
  },
  "中证医疗": {
    "PB目前分位": 1.21,
    "PE目前分位": 17.8555,
    "基准价": 6229.8816,
    "状态": "低估"
  },
  "中证白酒": {
    "PB目前分位": 30.59,
    "PE目前分位": 19.2699,
    "基准价": 10653.936,
    "状态": "低估"
  },
  "中证红利": {
    "PB目前分位": 17.38,
    "PE目前分位": 34.1326,
    "基准价": 4717.3535999999995,
    "状态": "考虑卖出"
  },
  "光伏产业": {
    "PB目前分位": 9.78,
    "PE目前分位": 20.0489,
    "基准价": 2096.9280000000003,
    "状态": "考虑卖出"
  },
  "军工指数": {
    "PB目前分位": 40.02,
    "PE目前分位": 3.7729,
    "基准价": 1061.6544000000001,
    "状态": "低估"
  },
  "动漫游戏": {
    "PB目前分位": 27.08,
    "PE目前分位": 55.0843,
    "基准价": 1752.96,
    "状态": "考虑卖出"
  },
  "医疗器械": {
    "PB目前分位": 2.54,
    "PE目前分位": 32.8398,
    "基准价": 10296.912,
    "状态": "考虑卖出"
  },
  "半导体": {
    "PB目前分位": 31.81,
    "PE目前分位": 60.9339,
    "基准价": 5326.61,
    "状态": "考虑卖出"
  },
  "新能源车": {
    "PB目前分位": 32.61,
    "PE目前分位": 31.8376,
    "基准价": 1958.1888,
    "状态": "考虑卖出"
  },
  "沪深300": {
    "PB目前分位": 3.43,
    "PE目前分位": 35.1293,
    "基准价": 3516.08,
    "状态": "考虑卖出"
  },
  "煤炭指数": {
    "PB目前分位": 86.74,
    "PE目前分位": 64.8096,
    "基准价": 4951.67,
    "状态": "考虑卖出"
  },
  "科创50": {
    "PB目前分位": 1.3,
    "PE目前分位": 41.757,
    "基准价": 807.71,
    "状态": "考虑卖出"
  },
  "绿色电力": {
    "PB目前分位": 80.27,
    "PE目前分位": 53.7786,
    "基准价": 1989.17,
    "状态": "考虑卖出"
  },
  "证券公司": {
    "PB目前分位": 1.93,
    "PE目前分位": 58.2318,
    "基准价": 699.17,
    "状态": "考虑卖出"
  }
}