{
  "中证1000": {
    "PB目前分位": 0,
    "PE目前分位": 6.1315,
    "基准价": 4392.816000000001,
    "状态": "低估"
  },
  "中证中药": {
    "PB目前分位": 0.8,
    "PE目前分位": 4.3806,
    "基准价": 9269.472000000002,
    "状态": "低估"
  },
  "中证医疗": {
    "PB目前分位": 0.05,
    "PE目前分位": 8.3487,
    "基准价": 6229.8816,
    "状态": "低估"
  },
  "中证白酒": {
    "PB目前分位": 32.91,
    "PE目前分位": 18.4023,
    "基准价": 10653.936,
    "状态": "低估"
  },
  "中证红利": {
    "PB目前分位": 17.01,
    "PE目前分位": 29.3333,
    "基准价": 4717.3535999999995,
    "状态": "考虑卖出"
  },
  "光伏产业": {
    "PB目前分位": 1.37,
    "PE目前分位": 0,
    "基准价": 2096.9280000000003,
    "状态": "低估"
  },
  "军工指数": {
    "PB目前分位": 16.29,
    "PE目前分位": 1.1171,
    "基准价": 1061.6544000000001,
    "状态": "低估"
  },
  "动漫游戏": {
    "PB目前分位": 7.82,
    "PE目前分位": 88.189,
    "基准价": 1752.96,
    "状态": "考虑卖出"
  },
  "医疗器械": {
    "PB目前分位": 0.04,
    "PE目前分位": 20.9872,
    "基准价": 10296.912,
    "状态": "考虑卖出"
  },
  "半导体": {
    "PB目前分位": 19.74,
    "PE目前分位": 54.5667,
    "基准价": 5326.61,
    "状态": "考虑卖出"
  },
  "新能源车": {
    "PB目前分位": 21.98,
    "PE目前分位": 0,
    "基准价": 1958.1888,
    "状态": "低估"
  },
  "煤炭指数": {
    "PB目前分位": 89.08,
    "PE目前分位": 44.9009,
    "基准价": 3949.93,
    "状态": "考虑卖出"
  },
  "科创50": {
    "PB目前分位": 0.12,
    "PE目前分位": 0.5807,
    "基准价": 669.792,
    "状态": "低估"
  },
  "绿色电力": {
    "PB目前分位": 68.26,
    "PE目前分位": 48.5779,
    "基准价": 1857.2,
    "状态": "考虑卖出"
  },
  "证券公司": {
    "PB目前分位": 0.28,
    "PE目前分位": 30.1127,
    "基准价": 699.17,
    "状态": "考虑卖出"
  }
}