{
  "中证1000": {
    "PB目前分位": 0.4,
    "PE目前分位": 19.6729,
    "基准价": 4800.7968,
    "状态": "低估"
  },
  "中证中药": {
    "PB目前分位": 11.76,
    "PE目前分位": 11.7564,
    "基准价": 10086.6048,
    "状态": "低估"
  },
  "中证医疗": {
    "PB目前分位": 0,
    "PE目前分位": 9.6163,
    "基准价": 6866.3328,
    "状态": "低估"
  },
  "中证白酒": {
    "PB目前分位": 34.37,
    "PE目前分位": 21.1153,
    "基准价": 10653.936,
    "状态": "考虑卖出"
  },
  "中证红利": {
    "PB目前分位": 16.28,
    "PE目前分位": 27.9061,
    "基准价": 4717.3535999999995,
    "状态": "考虑卖出"
  },
  "光伏产业": {
    "PB目前分位": 13.26,
    "PE目前分位": 0,
    "基准价": 2330.6784,
    "状态": "低估"
  },
  "军工指数": {
    "PB目前分位": 30.76,
    "PE目前分位": 2.2744,
    "基准价": 1152.5567999999998,
    "状态": "低估"
  },
  "动漫游戏": {
    "PB目前分位": 33.84,
    "PE目前分位": 91.3706,
    "基准价": 1752.96,
    "状态": "考虑卖出"
  },
  "医疗器械": {
    "PB目前分位": 0,
    "PE目前分位": 24.1822,
    "基准价": 10296.912,
    "状态": "考虑卖出"
  },
  "半导体": {
    "PB目前分位": 33.49,
    "PE目前分位": 63.5125,
    "基准价": 5326.61,
    "状态": "考虑卖出"
  },
  "新能源车": {
    "PB目前分位": 24.01,
    "PE目前分位": 0.2199,
    "基准价": 1958.1888,
    "状态": "低估"
  },
  "煤炭指数": {
    "PB目前分位": 87.69,
    "PE目前分位": 40.9747,
    "基准价": 3949.93,
    "状态": "考虑卖出"
  },
  "科创50": {
    "PB目前分位": 0,
    "PE目前分位": 8.0607,
    "基准价": 669.792,
    "状态": "低估"
  },
  "绿色电力": {
    "PB目前分位": 73.44,
    "PE目前分位": 54.6606,
    "基准价": 1857.2,
    "状态": "考虑卖出"
  },
  "证券公司": {
    "PB目前分位": 5.53,
    "PE目前分位": 42.2348,
    "基准价": 699.17,
    "状态": "考虑卖出"
  }
}