{
  "中证1000": {
    "PB目前分位": 1.02,
    "PE目前分位": 34.54,
    "基准价": 4392.816000000001,
    "状态": "考虑卖出"
  },
  "中证中药": {
    "PB目前分位": 6.4,
    "PE目前分位": 16.9691,
    "基准价": 9269.472000000002,
    "状态": "低估"
  },
  "中证医疗": {
    "PB目前分位": 0.27,
    "PE目前分位": 10.9827,
    "基准价": 6229.8816,
    "状态": "低估"
  },
  "中证白酒": {
    "PB目前分位": 26.51,
    "PE目前分位": 12.4084,
    "基准价": 10653.936,
    "状态": "低估"
  },
  "中证红利": {
    "PB目前分位": 18.56,
    "PE目前分位": 35.2591,
    "基准价": 4717.3535999999995,
    "状态": "考虑卖出"
  },
  "光伏产业": {
    "PB目前分位": 3.37,
    "PE目前分位": 19.7273,
    "基准价": 2096.9280000000003,
    "状态": "低估"
  },
  "军工指数": {
    "PB目前分位": 43.73,
    "PE目前分位": 5.5322,
    "基准价": 1061.6544000000001,
    "状态": "低估"
  },
  "动漫游戏": {
    "PB目前分位": 14.15,
    "PE目前分位": 48.7897,
    "基准价": 1752.96,
    "状态": "考虑卖出"
  },
  "医疗器械": {
    "PB目前分位": 0.38,
    "PE目前分位": 25.9231,
    "基准价": 10296.912,
    "状态": "考虑卖出"
  },
  "半导体": {
    "PB目前分位": 43.37,
    "PE目前分位": 66.2396,
    "基准价": 5326.61,
    "状态": "考虑卖出"
  },
  "新能源车": {
    "PB目前分位": 30.55,
    "PE目前分位": 31.3136,
    "基准价": 1958.1888,
    "状态": "考虑卖出"
  },
  "沪深300": {
    "PB目前分位": 2.9,
    "PE目前分位": 31.824,
    "基准价": 3516.08,
    "状态": "考虑卖出"
  },
  "煤炭指数": {
    "PB目前分位": 93.1,
    "PE目前分位": 70.7633,
    "基准价": 4951.67,
    "状态": "考虑卖出"
  },
  "科创50": {
    "PB目前分位": 4.78,
    "PE目前分位": 49.4692,
    "基准价": 807.71,
    "状态": "考虑卖出"
  },
  "绿色电力": {
    "PB目前分位": 89.76,
    "PE目前分位": 66.4634,
    "基准价": 2115.99,
    "状态": "考虑卖出"
  },
  "证券公司": {
    "PB目前分位": 0.39,
    "PE目前分位": 53.8791,
    "基准价": 699.17,
    "状态": "考虑卖出"
  }
}