{
  "中证1000": {
    "PB目前分位": 4.84,
    "PE目前分位": 30.5657,
    "基准价": 6170.65,
    "状态": "考虑卖出"
  },
  "中证中药": {
    "PB目前分位": 12.94,
    "PE目前分位": 12.9883,
    "基准价": 10086.6048,
    "状态": "低估"
  },
  "中证医疗": {
    "PB目前分位": 0.24,
    "PE目前分位": 11.9924,
    "基准价": 8290.07,
    "状态": "低估"
  },
  "中证白酒": {
    "PB目前分位": 47.34,
    "PE目前分位": 26.7258,
    "基准价": 15361.32,
    "状态": "考虑卖出"
  },
  "中证红利": {
    "PB目前分位": 7.41,
    "PE目前分位": 14.4444,
    "基准价": 4717.3535999999995,
    "状态": "低估"
  },
  "光伏产业": {
    "PB目前分位": 26.76,
    "PE目前分位": 0.1833,
    "基准价": 2662.8192,
    "状态": "低估"
  },
  "军工指数": {
    "PB目前分位": 43.41,
    "PE目前分位": 3.2963,
    "基准价": 1252.1855999999998,
    "状态": "低估"
  },
  "动漫游戏": {
    "PB目前分位": 40.11,
    "PE目前分位": 95.1262,
    "基准价": 1752.96,
    "状态": "考虑卖出"
  },
  "医疗器械": {
    "PB目前分位": 0.2,
    "PE目前分位": 17.0937,
    "基准价": 10296.912,
    "状态": "低估"
  },
  "半导体": {
    "PB目前分位": 49.96,
    "PE目前分位": 60.7286,
    "基准价": 5326.61,
    "状态": "考虑卖出"
  },
  "新能源车": {
    "PB目前分位": 36.93,
    "PE目前分位": 6.3521,
    "基准价": 2414.3711999999996,
    "状态": "低估"
  },
  "煤炭指数": {
    "PB目前分位": 66.81,
    "PE目前分位": 9.7037,
    "基准价": 3949.93,
    "状态": "低估"
  },
  "科创50": {
    "PB目前分位": 0.76,
    "PE目前分位": 0.8906,
    "基准价": 845.952,
    "状态": "低估"
  },
  "绿色电力": {
    "PB目前分位": 66.78,
    "PE目前分位": 68.972,
    "基准价": 1857.2,
    "状态": "考虑卖出"
  },
  "证券公司": {
    "PB目前分位": 13.12,
    "PE目前分位": 42.9639,
    "基准价": 699.17,
    "状态": "考虑卖出"
  }
}