{
  "中证1000": {
    "PB目前分位": 2.05,
    "PE目前分位": 38.0444,
    "基准价": 4392.816000000001,
    "状态": "考虑卖出"
  },
  "中证中药": {
    "PB目前分位": 12.97,
    "PE目前分位": 22.5205,
    "基准价": 9269.472000000002,
    "状态": "考虑卖出"
  },
  "中证医疗": {
    "PB目前分位": 0.76,
    "PE目前分位": 12.8399,
    "基准价": 6229.8816,
    "状态": "低估"
  },
  "中证白酒": {
    "PB目前分位": 29.02,
    "PE目前分位": 15.978,
    "基准价": 10653.936,
    "状态": "低估"
  },
  "中证红利": {
    "PB目前分位": 19.72,
    "PE目前分位": 37.193,
    "基准价": 4717.3535999999995,
    "状态": "考虑卖出"
  },
  "光伏产业": {
    "PB目前分位": 12.25,
    "PE目前分位": 20.7091,
    "基准价": 2096.9280000000003,
    "状态": "考虑卖出"
  },
  "军工指数": {
    "PB目前分位": 41.75,
    "PE目前分位": 4.5614,
    "基准价": 1061.6544000000001,
    "状态": "低估"
  },
  "动漫游戏": {
    "PB目前分位": 16.41,
    "PE目前分位": 51.1603,
    "基准价": 1752.96,
    "状态": "考虑卖出"
  },
  "医疗器械": {
    "PB目前分位": 0.79,
    "PE目前分位": 28.361,
    "基准价": 10296.912,
    "状态": "考虑卖出"
  },
  "半导体": {
    "PB目前分位": 37.54,
    "PE目前分位": 63.5196,
    "基准价": 5326.61,
    "状态": "考虑卖出"
  },
  "新能源车": {
    "PB目前分位": 34.79,
    "PE目前分位": 33.0501,
    "基准价": 1958.1888,
    "状态": "考虑卖出"
  },
  "沪深300": {
    "PB目前分位": 3.7,
    "PE目前分位": 36.012,
    "基准价": 3516.08,
    "状态": "考虑卖出"
  },
  "煤炭指数": {
    "PB目前分位": 90.18,
    "PE目前分位": 68.2807,
    "基准价": 4951.67,
    "状态": "考虑卖出"
  },
  "科创50": {
    "PB目前分位": 3.1,
    "PE目前分位": 46.047,
    "基准价": 807.71,
    "状态": "考虑卖出"
  },
  "绿色电力": {
    "PB目前分位": 87.95,
    "PE目前分位": 64.1048,
    "基准价": 1989.17,
    "状态": "考虑卖出"
  },
  "证券公司": {
    "PB目前分位": 0.43,
    "PE目前分位": 56.0766,
    "基准价": 699.17,
    "状态": "考虑卖出"
  }
}