{
  "中证1000": {
    "PB目前分位": 5.91,
    "PE目前分位": 43.9091,
    "基准价": 6170.65,
    "状态": "考虑卖出"
  },
  "中证中药": {
    "PB目前分位": 17.17,
    "PE目前分位": 14.9319,
    "基准价": 10086.6048,
    "状态": "低估"
  },
  "中证医疗": {
    "PB目前分位": 1.19,
    "PE目前分位": 20.514,
    "基准价": 7551.3216,
    "状态": "考虑卖出"
  },
  "中证白酒": {
    "PB目前分位": 51.33,
    "PE目前分位": 30.8939,
    "基准价": 15361.32,
    "状态": "考虑卖出"
  },
  "中证红利": {
    "PB目前分位": 1.85,
    "PE目前分位": 11.5583,
    "基准价": 4717.3535999999995,
    "状态": "低估"
  },
  "光伏产业": {
    "PB目前分位": 24.93,
    "PE目前分位": 0.6369,
    "基准价": 2662.8192,
    "状态": "低估"
  },
  "军工指数": {
    "PB目前分位": 42.8,
    "PE目前分位": 3.3973,
    "基准价": 1252.1855999999998,
    "状态": "低估"
  },
  "动漫游戏": {
    "PB目前分位": 45.06,
    "PE目前分位": 91.1748,
    "基准价": 1752.96,
    "状态": "考虑卖出"
  },
  "医疗器械": {
    "PB目前分位": 2.67,
    "PE目前分位": 27.8132,
    "基准价": 10296.912,
    "状态": "考虑卖出"
  },
  "半导体": {
    "PB目前分位": 55.31,
    "PE目前分位": 70.5906,
    "基准价": 5326.61,
    "状态": "考虑卖出"
  },
  "新能源车": {
    "PB目前分位": 36.62,
    "PE目前分位": 9.7649,
    "基准价": 2414.3711999999996,
    "状态": "低估"
  },
  "煤炭指数": {
    "PB目前分位": 61.48,
    "PE目前分位": 13.1093,
    "基准价": 3949.93,
    "状态": "低估"
  },
  "科创50": {
    "PB目前分位": 1.51,
    "PE目前分位": 29.8489,
    "基准价": 845.952,
    "状态": "考虑卖出"
  },
  "绿色电力": {
    "PB目前分位": 60.38,
    "PE目前分位": 56.8901,
    "基准价": 1857.2,
    "状态": "考虑卖出"
  },
  "证券公司": {
    "PB目前分位": 12.21,
    "PE目前分位": 47.4141,
    "基准价": 699.17,
    "状态": "考虑卖出"
  }
}