{
  "中证1000": {
    "PB目前分位": 2.39,
    "PE目前分位": 20.9454,
    "基准价": 4392.816000000001,
    "状态": "考虑卖出"
  },
  "中证中药": {
    "PB目前分位": 12.77,
    "PE目前分位": 14.9399,
    "基准价": 9269.472000000002,
    "状态": "低估"
  },
  "中证医疗": {
    "PB目前分位": 0.09,
    "PE目前分位": 9.3792,
    "基准价": 6229.8816,
    "状态": "低估"
  },
  "中证白酒": {
    "PB目前分位": 38.75,
    "PE目前分位": 22.0355,
    "基准价": 10653.936,
    "状态": "考虑卖出"
  },
  "中证红利": {
    "PB目前分位": 20.08,
    "PE目前分位": 32.3383,
    "基准价": 4717.3535999999995,
    "状态": "考虑卖出"
  },
  "光伏产业": {
    "PB目前分位": 18.76,
    "PE目前分位": 4.5643,
    "基准价": 2096.9280000000003,
    "状态": "低估"
  },
  "军工指数": {
    "PB目前分位": 33.69,
    "PE目前分位": 3.3404,
    "基准价": 1061.6544000000001,
    "状态": "低估"
  },
  "动漫游戏": {
    "PB目前分位": 34.73,
    "PE目前分位": 92.5151,
    "基准价": 1752.96,
    "状态": "考虑卖出"
  },
  "医疗器械": {
    "PB目前分位": 0.23,
    "PE目前分位": 22.9326,
    "基准价": 10296.912,
    "状态": "考虑卖出"
  },
  "半导体": {
    "PB目前分位": 32.7,
    "PE目前分位": 64.1654,
    "基准价": 5326.61,
    "状态": "考虑卖出"
  },
  "新能源车": {
    "PB目前分位": 35.33,
    "PE目前分位": 12.8128,
    "基准价": 1958.1888,
    "状态": "低估"
  },
  "沪深300": {
    "PB目前分位": 3.72,
    "PE目前分位": 24.751,
    "基准价": 3516.08,
    "状态": "考虑卖出"
  },
  "煤炭指数": {
    "PB目前分位": 91.29,
    "PE目前分位": 50.2843,
    "基准价": 4951.67,
    "状态": "考虑卖出"
  },
  "科创50": {
    "PB目前分位": 0.56,
    "PE目前分位": 29.1111,
    "基准价": 807.71,
    "状态": "考虑卖出"
  },
  "绿色电力": {
    "PB目前分位": 87,
    "PE目前分位": 66.7702,
    "基准价": 1989.17,
    "状态": "考虑卖出"
  },
  "证券公司": {
    "PB目前分位": 0.44,
    "PE目前分位": 39.7543,
    "基准价": 699.17,
    "状态": "考虑卖出"
  }
}