{
  "中证1000": {
    "PB目前分位": 0.81,
    "PE目前分位": 32.7645,
    "基准价": 4392.816000000001,
    "状态": "考虑卖出"
  },
  "中证中药": {
    "PB目前分位": 10.86,
    "PE目前分位": 21.0455,
    "基准价": 9269.472000000002,
    "状态": "考虑卖出"
  },
  "中证医疗": {
    "PB目前分位": 0.27,
    "PE目前分位": 11.3586,
    "基准价": 6229.8816,
    "状态": "低估"
  },
  "中证白酒": {
    "PB目前分位": 28.17,
    "PE目前分位": 14.6789,
    "基准价": 10653.936,
    "状态": "低估"
  },
  "中证红利": {
    "PB目前分位": 19.85,
    "PE目前分位": 37.3072,
    "基准价": 4717.3535999999995,
    "状态": "考虑卖出"
  },
  "光伏产业": {
    "PB目前分位": 4.26,
    "PE目前分位": 19.7104,
    "基准价": 2096.9280000000003,
    "状态": "低估"
  },
  "军工指数": {
    "PB目前分位": 40.88,
    "PE目前分位": 4.3829,
    "基准价": 1061.6544000000001,
    "状态": "低估"
  },
  "动漫游戏": {
    "PB目前分位": 11.05,
    "PE目前分位": 44.7439,
    "基准价": 1752.96,
    "状态": "考虑卖出"
  },
  "医疗器械": {
    "PB目前分位": 0.53,
    "PE目前分位": 27.0566,
    "基准价": 10296.912,
    "状态": "考虑卖出"
  },
  "半导体": {
    "PB目前分位": 37.89,
    "PE目前分位": 63.5472,
    "基准价": 5326.61,
    "状态": "考虑卖出"
  },
  "新能源车": {
    "PB目前分位": 33.96,
    "PE目前分位": 32.4278,
    "基准价": 1958.1888,
    "状态": "考虑卖出"
  },
  "沪深300": {
    "PB目前分位": 3.48,
    "PE目前分位": 35.073,
    "基准价": 3516.08,
    "状态": "考虑卖出"
  },
  "煤炭指数": {
    "PB目前分位": 91.87,
    "PE目前分位": 69.7756,
    "基准价": 4951.67,
    "状态": "考虑卖出"
  },
  "科创50": {
    "PB目前分位": 2.24,
    "PE目前分位": 41.3646,
    "基准价": 807.71,
    "状态": "考虑卖出"
  },
  "绿色电力": {
    "PB目前分位": 88.13,
    "PE目前分位": 64.5724,
    "基准价": 2115.99,
    "状态": "卖出"
  },
  "证券公司": {
    "PB目前分位": 0.27,
    "PE目前分位": 54.3928,
    "基准价": 699.17,
    "状态": "考虑卖出"
  }
}