{
  "中证1000": {
    "PB目前分位": 5.45,
    "PE目前分位": 25.6433,
    "基准价": 4392.816000000001,
    "状态": "考虑卖出"
  },
  "中证中药": {
    "PB目前分位": 16.94,
    "PE目前分位": 15.9609,
    "基准价": 9269.472000000002,
    "状态": "低估"
  },
  "中证医疗": {
    "PB目前分位": 0.68,
    "PE目前分位": 15.1322,
    "基准价": 6229.8816,
    "状态": "低估"
  },
  "中证白酒": {
    "PB目前分位": 43.92,
    "PE目前分位": 28.4641,
    "基准价": 10653.936,
    "状态": "考虑卖出"
  },
  "中证红利": {
    "PB目前分位": 18.14,
    "PE目前分位": 30.4534,
    "基准价": 4717.3535999999995,
    "状态": "考虑卖出"
  },
  "光伏产业": {
    "PB目前分位": 27.68,
    "PE目前分位": 7.1309,
    "基准价": 2096.9280000000003,
    "状态": "低估"
  },
  "军工指数": {
    "PB目前分位": 42.88,
    "PE目前分位": 4.5698,
    "基准价": 1061.6544000000001,
    "状态": "低估"
  },
  "动漫游戏": {
    "PB目前分位": 54.99,
    "PE目前分位": 91.2417,
    "基准价": 1752.96,
    "状态": "考虑卖出"
  },
  "医疗器械": {
    "PB目前分位": 4.16,
    "PE目前分位": 28.8188,
    "基准价": 10296.912,
    "状态": "考虑卖出"
  },
  "半导体": {
    "PB目前分位": 46.98,
    "PE目前分位": 75.4136,
    "基准价": 5326.61,
    "状态": "考虑卖出"
  },
  "新能源车": {
    "PB目前分位": 36.14,
    "PE目前分位": 9.154,
    "基准价": 1958.1888,
    "状态": "低估"
  },
  "沪深300": {
    "PB目前分位": 5.67,
    "PE目前分位": 27.1444,
    "基准价": 3516.08,
    "状态": "考虑卖出"
  },
  "煤炭指数": {
    "PB目前分位": 89.33,
    "PE目前分位": 46.8761,
    "基准价": 4951.67,
    "状态": "考虑卖出"
  },
  "科创50": {
    "PB目前分位": 3.95,
    "PE目前分位": 52.4239,
    "基准价": 807.71,
    "状态": "考虑卖出"
  },
  "绿色电力": {
    "PB目前分位": 82.95,
    "PE目前分位": 63.8554,
    "基准价": 1857.2,
    "状态": "考虑卖出"
  },
  "证券公司": {
    "PB目前分位": 11.04,
    "PE目前分位": 48.7251,
    "基准价": 699.17,
    "状态": "考虑卖出"
  }
}